term,occurrences,unique_rows,category,existing_reference
not,26311,272,FLORA_FAUNA,
the,21041,242,OTHER,
eaten,19052,213,FLORA_FAUNA,
yet,18690,207,FLORA_FAUNA,
taste,14062,157,FLORA_FAUNA,
unknown,12638,141,FLORA_FAUNA,
and,8502,87,FLORA_FAUNA,
was,8242,91,FLORA_FAUNA,
captured,7928,89,FLORA_FAUNA,
alive,7836,88,FLORA_FAUNA,
tasty,7832,88,FLORA_FAUNA,
snake,7231,77,FLORA_FAUNA,
said,7120,80,FLORA_FAUNA,
tried,6853,77,FLORA_FAUNA,
bad,5785,65,FLORA_FAUNA,
that,5425,62,ITEM_WEAPON,
groznyj,4624,40,AREA_NAME,
grad,4624,40,AREA_NAME,
effective,4539,50,OTHER,
tasted,4539,51,FLORA_FAUNA,
with,4256,59,FLORA_FAUNA,
mushroom,4187,37,FLORA_FAUNA,
large,4005,45,FLORA_FAUNA,
frog,3928,37,FLORA_FAUNA,
for,3672,44,TUTORIAL_CONTROL,
paint,3451,42,ITEM_WEAPON,
cobra,3394,41,FLORA_FAUNA,
card,3311,35,OTHER,
memory,3287,28,OTHER,
found,3267,35,FLORA_FAUNA,
face,3212,43,ITEM_WEAPON,
ps2,3198,28,OTHER,
data,3159,41,OTHER,
but,3115,35,FLORA_FAUNA,
spt,3040,20,OTHER,
tree,3034,32,FLORA_FAUNA,
food,2673,28,FOOD,
stamina,2673,30,FOOD,
very,2581,29,FLORA_FAUNA,
their,2518,22,OTHER,
russian,2500,33,FLORA_FAUNA,
terrible,2492,28,FLORA_FAUNA,
edible,2492,28,FLORA_FAUNA,
button,2475,129,TUTORIAL_CONTROL,
used,2464,28,OTHER,
more,2433,16,OTHER,
who,2432,28,OTHER,
hint,2430,27,OTHER,
awarded,2430,27,OTHER,
those,2430,27,OTHER,
set,2417,25,OTHER,
camo,2335,46,ITEM_WEAPON,
native,2314,26,FLORA_FAUNA,
less,2250,13,OTHER,
bird,2247,21,FLORA_FAUNA,
from,2234,29,OTHER,
only,2227,26,FLORA_FAUNA,
uniform,2136,21,ITEM_WEAPON,
its,2136,20,FLORA_FAUNA,
hornet,2136,14,FLORA_FAUNA,
mission,2082,25,OTHER,
pattern,2054,30,ITEM_WEAPON,
pretty,2047,23,FLORA_FAUNA,
this,1980,25,FLORA_FAUNA,
python,1966,25,FLORA_FAUNA,
nest,1964,18,FLORA_FAUNA,
mimics,1958,22,ITEM_WEAPON,
fish,1954,15,FLORA_FAUNA,
back,1899,11,TUTORIAL_CONTROL,
move,1890,9,TUTORIAL_CONTROL,
complete,1802,21,OTHER,
green,1786,20,FLORA_FAUNA,
baltic,1780,15,FLORA_FAUNA,
crab,1732,15,FLORA_FAUNA,
press,1719,26,TUTORIAL_CONTROL,
when,1704,18,FLORA_FAUNA,
recovery,1693,20,FOOD,
wound,1691,10,INJURY,
srpt,1672,11,OTHER,
time,1630,13,OTHER,
flag,1603,19,ITEM_WEAPON,
poisoning,1602,18,FLORA_FAUNA,
good,1602,18,FLORA_FAUNA,
fairly,1602,18,FLORA_FAUNA,
people,1532,17,OTHER,
having,1530,17,OTHER,
white,1517,18,FLORA_FAUNA,
will,1515,17,MEDICINE,
environments,1513,14,OTHER,
half,1513,17,FLORA_FAUNA,
bolshaya,1496,7,AREA_NAME,
past,1496,7,AREA_NAME,
game,1494,14,OTHER,
alert,1441,16,OTHER,
killed,1441,16,OTHER,
squirrel,1428,13,FLORA_FAUNA,
type,1428,17,FLORA_FAUNA,
brown,1426,17,FLORA_FAUNA,
tselinoyarsk,1425,17,FLORA_FAUNA,
gunshot,1424,9,TUTORIAL_CONTROL,
unbelievably,1424,16,FLORA_FAUNA,
ois,1368,9,OTHER,
modes,1350,15,OTHER,
blue,1339,17,FLORA_FAUNA,
south,1291,11,FLORA_FAUNA,
times,1267,8,OTHER,
save,1266,17,OTHER,codec:english => 저장<00>
continues,1261,14,OTHER,
cursor,1260,3,TUTORIAL_CONTROL,
condition,1260,14,OTHER,
scorpion,1253,14,FLORA_FAUNA,
flying,1253,15,FLORA_FAUNA,
red,1252,15,FLORA_FAUNA,
coral,1250,16,FLORA_FAUNA,
european,1250,13,FLORA_FAUNA,
rabbit,1250,13,FLORA_FAUNA,
japanese,1250,15,FLORA_FAUNA,
milk,1250,15,FLORA_FAUNA,
rat,1250,12,FLORA_FAUNA,
bat,1250,12,FLORA_FAUNA,
instant,1248,9,FOOD,
noodles,1248,9,FOOD,
confirm,1247,17,TUTORIAL_CONTROL,
against,1246,14,OTHER,
venomous,1246,14,FLORA_FAUNA,
conditions,1170,13,OTHER,
tarantula,1168,14,FLORA_FAUNA,
medicine,1166,14,MEDICINE,
family,1158,14,FLORA_FAUNA,
cold,1157,9,OTHER,
fruit,1157,13,FLORA_FAUNA,
known,1157,13,FLORA_FAUNA,
region,1157,11,FLORA_FAUNA,
use,1098,22,ITEM_WEAPON,
select,1094,12,OTHER,
soviet,1080,13,ITEM_WEAPON,
can,1080,17,FLORA_FAUNA,
like,1076,12,FLORA_FAUNA,
liquid,1074,10,FLORA_FAUNA,
kenyan,1072,13,FLORA_FAUNA,
mangrove,1072,13,FLORA_FAUNA,
king,1072,13,FLORA_FAUNA,
parrot,1072,11,FLORA_FAUNA,
poison,1072,14,FLORA_FAUNA,
thai,1072,13,FLORA_FAUNA,
world,1069,13,FLORA_FAUNA,
black,1068,9,FLORA_FAUNA,
poisonous,1068,12,FLORA_FAUNA,
taiwanese,1068,11,FLORA_FAUNA,
eva,995,17,OTHER,
special,989,12,MEDICINE,
after,982,12,FLORA_FAUNA,
ration,981,8,FLORA_FAUNA,
melon,981,8,FLORA_FAUNA,
body,980,11,OTHER,
wearing,979,10,ITEM_WEAPON,
carries,979,11,FLORA_FAUNA,
eating,979,11,FLORA_FAUNA,
told,979,11,FLORA_FAUNA,
load,973,9,OTHER,
camera,963,11,OTHER,
failed,950,11,OTHER,
spider,934,7,FLORA_FAUNA,
attack,928,113,TUTORIAL_CONTROL,
mode,904,11,TUTORIAL_CONTROL,
difficulty,903,9,OTHER,
giant,895,13,FLORA_FAUNA,
bigeye,894,12,FLORA_FAUNA,
trevally,894,12,FLORA_FAUNA,
cobalt,894,12,FLORA_FAUNA,
emperor,894,12,FLORA_FAUNA,
anaconda,894,12,FLORA_FAUNA,
magpie,894,12,FLORA_FAUNA,
maroon,894,12,FLORA_FAUNA,
shark,894,12,FLORA_FAUNA,
otton,894,12,FLORA_FAUNA,
dart,894,12,FLORA_FAUNA,
reticulated,894,12,FLORA_FAUNA,
sunda,894,12,FLORA_FAUNA,
vampire,894,12,FLORA_FAUNA,
vulture,894,9,FLORA_FAUNA,
size,892,9,ITEM_WEAPON,
small,892,11,FLORA_FAUNA,
agaric,892,9,FLORA_FAUNA,
cure,890,9,MEDICINE,
grows,890,8,FLORA_FAUNA,
burn,890,5,INJURY,
asia,890,10,FLORA_FAUNA,
whistling-thrush,890,10,FLORA_FAUNA,
potent,890,10,FLORA_FAUNA,
neurotoxin,890,10,FLORA_FAUNA,
you,869,52,TITLE_AWARD,
rassvet,855,4,AREA_NAME,
off,825,9,OTHER,
without,824,10,OTHER,
broken,819,8,INJURY,
southeast,812,10,FLORA_FAUNA,
hornets,811,12,FLORA_FAUNA,
markhor,805,9,FLORA_FAUNA,
distinguished,804,9,FLORA_FAUNA,
golova,803,8,FLORA_FAUNA,
mango,803,8,FLORA_FAUNA,
glowcap,803,10,FLORA_FAUNA,
vine,803,8,FLORA_FAUNA,
areas,802,9,ITEM_WEAPON,
treating,801,10,TUTORIAL_CONTROL,
designed,801,9,ITEM_WEAPON,
eat,801,8,FOOD,
eva's,801,9,FOOD,
caused,801,9,FLORA_FAUNA,
listen,801,9,OTHER,
long,798,94,TUTORIAL_CONTROL,
battery,789,15,OTHER,
saved,778,7,OTHER,
cap,777,9,FLORA_FAUNA,
lab,772,10,AREA_NAME,
mushrm,760,5,OTHER,
west,757,5,AREA_NAME,
knife,751,9,TUTORIAL_CONTROL,
zaozyorje,750,5,AREA_NAME,
dremuchij,748,4,AREA_NAME,
east,743,8,AREA_NAME,
play,721,8,MEDICINE,
on/off,720,12,TUTORIAL_CONTROL,
seen,720,6,FLORA_FAUNA,
many,720,6,OTHER,
tsuchinoko,718,11,FLORA_FAUNA,
avadavat,716,9,FLORA_FAUNA,
white-rumped,716,9,FLORA_FAUNA,
one,716,10,MEDICINE,
enemies,715,10,ITEM_WEAPON,
desert,715,10,ITEM_WEAPON,
fly,714,9,FLORA_FAUNA,
oyster,714,9,FLORA_FAUNA,
spatsa,714,9,FLORA_FAUNA,
ural,714,9,FLORA_FAUNA,
luminescent,714,9,FLORA_FAUNA,
yabloko,714,7,FLORA_FAUNA,
moloko,714,7,FLORA_FAUNA,
about,714,8,FLORA_FAUNA,
cause,712,8,MEDICINE,
excellent,712,8,ITEM_WEAPON,
backgrounds,712,8,ITEM_WEAPON,
great,712,8,FLORA_FAUNA,
member,712,8,FLORA_FAUNA,
inhabits,712,8,FLORA_FAUNA,
mysterious,712,8,FLORA_FAUNA,
looks,712,8,FLORA_FAUNA,
continue,686,7,OTHER,
weapons,683,9,AREA_NAME,
serum,660,5,MEDICINE,
ready,655,110,TUTORIAL_CONTROL,
base,651,3,AREA_NAME,
icon,647,18,TUTORIAL_CONTROL,
grenade,634,13,ITEM_WEAPON,
screen,634,7,OTHER,
weapon,632,9,ITEM_WEAPON,
switch,630,6,TUTORIAL_CONTROL,
danger,630,7,OTHER,
themselves,630,7,OTHER,
suppressor,629,7,ITEM_WEAPON,
developed,629,10,ITEM_WEAPON,
major,629,6,OTHER,
turn,629,7,OTHER,
arowana,627,9,FLORA_FAUNA,
pain,627,8,FLORA_FAUNA,
indian,627,9,FLORA_FAUNA,
gavial,627,9,FLORA_FAUNA,
damage,627,7,ITEM_WEAPON,
first,627,7,FLORA_FAUNA,
talk,626,5,OTHER,
blood,626,7,OTHER,
magazine,625,8,ITEM_WEAPON,
baikal,625,8,FLORA_FAUNA,
scaly,625,8,FLORA_FAUNA,
tooth,625,8,FLORA_FAUNA,
calorie,625,8,FLORA_FAUNA,
mate,625,8,FLORA_FAUNA,
japan,625,8,FLORA_FAUNA,
false,625,8,FLORA_FAUNA,
siberian,625,8,FLORA_FAUNA,
ink,625,8,FLORA_FAUNA,
all,625,7,OTHER,
jumpin',625,4,OTHER,
johnny,625,4,OTHER,
pillow,625,4,OTHER,
rock,625,4,OTHER,
baby,625,4,OTHER,
sailor,625,4,OTHER,
don't,625,8,OTHER,
afraid,625,8,OTHER,
item,624,7,MEDICINE,
stomach,623,7,OTHER,
cover,623,7,ITEM_WEAPON,
also,623,6,ITEM_WEAPON,
german,623,5,ITEM_WEAPON,
camouflage,623,6,OTHER,
resembling,623,7,FLORA_FAUNA,
rounds,623,6,ITEM_WEAPON,
too,623,7,FLORA_FAUNA,
china,623,7,FLORA_FAUNA,
glowing,623,4,FLORA_FAUNA,
pja,608,4,OTHER,
psn,608,4,OTHER,
wing,592,7,AREA_NAME,
free,592,5,OTHER,
space,592,5,OTHER,
north,561,5,AREA_NAME,
try,561,6,FLORA_FAUNA,
tunnel,561,3,AREA_NAME,
gun,549,10,TUTORIAL_CONTROL,
adjust,545,8,OTHER,
are,543,6,FLORA_FAUNA,
tranquilizer,541,8,TUTORIAL_CONTROL,
solid,540,8,FLORA_FAUNA,
being,540,4,ITEM_WEAPON,
any,539,7,OTHER,
bullet,537,9,OTHER,
area,536,5,ITEM_WEAPON,
uses,534,6,ITEM_WEAPON,
high,534,6,ITEM_WEAPON,
contains,534,6,FLORA_FAUNA,
appear,534,6,MEDICINE,
decrease,534,6,MEDICINE,
nutrients,534,6,FOOD,
america,534,6,FLORA_FAUNA,
tail,534,6,FLORA_FAUNA,
brightly,534,6,FLORA_FAUNA,
colored,534,6,FLORA_FAUNA,
largest,534,6,FLORA_FAUNA,
means,534,6,FLORA_FAUNA,
india,534,6,FLORA_FAUNA,
southern,534,6,FLORA_FAUNA,
sleepy,534,6,FLORA_FAUNA,
cut,534,5,INJURY,
suffering,534,6,INJURY,
change,534,3,OTHER,
ecouter,534,6,OTHER,
starry,534,6,OTHER,
boys,534,6,OTHER,
how,530,91,TUTORIAL_CONTROL,
stealth,516,3,FOOD,
scope,510,5,ITEM_WEAPON,
insert,490,5,OTHER,
aim,479,109,TUTORIAL_CONTROL,
key,468,6,OTHER,
remove,465,8,TUTORIAL_CONTROL,
eater,459,8,FLORA_FAUNA,
greno,456,3,OTHER,
med,456,3,OTHER,
cannot,455,8,FLORA_FAUNA,
svyatogornyj,454,4,AREA_NAME,
animals,453,8,TUTORIAL_CONTROL,
leech,453,4,TUTORIAL_CONTROL,
life,453,6,MEDICINE,
serious,451,5,OTHER,
injuries,451,5,OTHER,
items,451,5,MEDICINE,
zero,451,4,OTHER,
out,450,7,ITEM_WEAPON,
countless,450,5,OTHER,
achieve,450,5,OTHER,
result,450,5,OTHER,
exposed,450,5,OTHER,
left,450,5,OTHER,
victims,450,5,OTHER,
wake,450,5,OTHER,
rifle,449,6,ITEM_WEAPON,
solidus,449,7,FLORA_FAUNA,
allows,449,7,ITEM_WEAPON,
dark,449,7,ITEM_WEAPON,
controls,449,5,OTHER,
been,448,6,OTHER,
leeches,447,4,TUTORIAL_CONTROL,
heal,447,4,OTHER,
portable,447,6,FOOD,
animal,447,5,FLORA_FAUNA,
highly,447,6,FLORA_FAUNA,
military,447,6,FOOD,
gray,447,4,FLORA_FAUNA,
salty,447,3,OTHER,
catfish,447,3,OTHER,
cuts,445,6,TUTORIAL_CONTROL,
wounds,445,6,TUTORIAL_CONTROL,
forested,445,5,ITEM_WEAPON,
makes,445,5,ITEM_WEAPON,
before,445,5,FLORA_FAUNA,
provide,445,5,ITEM_WEAPON,
trees,445,5,FLORA_FAUNA,
french,445,3,ITEM_WEAPON,
italian,445,3,ITEM_WEAPON,
spanish,445,3,ITEM_WEAPON,
have,445,4,FLORA_FAUNA,
continually,445,5,MEDICINE,
until,445,5,MEDICINE,
quite,445,5,FLORA_FAUNA,
water,445,4,OTHER,
wasn't,445,5,FLORA_FAUNA,
shimeji,445,5,FLORA_FAUNA,
grey,445,5,FLORA_FAUNA,
became,445,5,FLORA_FAUNA,
shiitake,445,5,FLORA_FAUNA,
escucha,445,5,OTHER,
cigar,421,4,OTHER,
fork,421,4,TUTORIAL_CONTROL,
mask,420,4,OTHER,
war,419,4,ITEM_WEAPON,
saving,396,6,OTHER,
main,394,4,AREA_NAME,
check,394,5,OTHER,
yes,392,4,OTHER,
please,392,4,OTHER,
least,392,4,OTHER,
dkb,392,4,OTHER,
required,392,4,OTHER,
present,392,4,OTHER,
again,385,6,OTHER,
touch,378,15,TUTORIAL_CONTROL,
krasnogorje,376,4,AREA_NAME,
operation,370,7,FLORA_FAUNA,
return,370,4,OTHER,
new,369,5,OTHER,
create,367,5,OTHER,
during,366,4,ITEM_WEAPON,
underground,365,3,FLORA_FAUNA,
equipped,364,6,TUTORIAL_CONTROL,
infinity,364,4,ITEM_WEAPON,
fox,363,3,FOOD,
honey,362,7,FLORA_FAUNA,
position,361,4,TUTORIAL_CONTROL,
person,360,4,OTHER,
saves,360,4,MEDICINE,
higher,360,4,MEDICINE,
clear,360,4,OTHER,
display,359,4,OTHER,
attached,359,4,OTHER,
then,358,5,TUTORIAL_CONTROL,
fps,358,5,ITEM_WEAPON,
character,358,4,ITEM_WEAPON,
view,358,4,ITEM_WEAPON,
feed,357,3,OTHER,
crocodile,357,5,FLORA_FAUNA,
antidote,356,4,MEDICINE,
burns,356,4,TUTORIAL_CONTROL,
digestive,356,4,MEDICINE,
soviet-made,356,4,ITEM_WEAPON,
inside,356,4,FLORA_FAUNA,
provides,356,4,ITEM_WEAPON,
into,356,4,FOOD,
radio,356,3,OTHER,
especially,356,4,OTHER,
wearer,356,4,ITEM_WEAPON,
underwater,356,3,OTHER,
photo-camo,356,4,ITEM_WEAPON,
ammunition,356,4,ITEM_WEAPON,
pain's,356,4,FLORA_FAUNA,
picking,356,4,MEDICINE,
throughout,356,4,MEDICINE,
invented,356,4,FOOD,
never,356,4,FLORA_FAUNA,
carp,356,4,FLORA_FAUNA,
issued,356,4,FOOD,
it's,356,4,FOOD,
tropical,356,4,FLORA_FAUNA,
controlled,356,4,FLORA_FAUNA,
filled,356,4,FLORA_FAUNA,
waters,356,4,FLORA_FAUNA,
regions,356,4,FLORA_FAUNA,
primarily,356,4,FLORA_FAUNA,
aggressive,356,4,FLORA_FAUNA,
prey,356,4,FLORA_FAUNA,
snakes,356,4,FLORA_FAUNA,
americas,356,4,FLORA_FAUNA,
extremely,356,4,FLORA_FAUNA,
because,356,4,FLORA_FAUNA,
asked,356,4,FLORA_FAUNA,
flavor,356,4,FLORA_FAUNA,
answered,356,4,FLORA_FAUNA,
tastes,356,4,FLORA_FAUNA,
goat,356,4,FLORA_FAUNA,
wild,356,4,FLORA_FAUNA,
lives,356,4,FLORA_FAUNA,
mountainous,356,4,FLORA_FAUNA,
resembles,356,4,FLORA_FAUNA,
familiar,356,4,FLORA_FAUNA,
indochina,356,4,FLORA_FAUNA,
seems,356,3,FLORA_FAUNA,
vicinity,356,4,FLORA_FAUNA,
possibly,356,4,FLORA_FAUNA,
bee,356,4,OTHER,
speed,356,3,OTHER,
ache,356,4,OTHER,
pressed,352,89,TUTORIAL_CONTROL,
lazorevo,294,3,AREA_NAME,
cancel,294,3,OTHER,
rail,286,3,AREA_NAME,
bridge,286,3,AREA_NAME,
loaded,285,3,OTHER,
completed,285,6,FLORA_FAUNA,
successful,285,3,OTHER,
enemy,282,6,TUTORIAL_CONTROL,
while,282,10,ITEM_WEAPON,
power,281,10,ITEM_WEAPON,
your,274,4,OTHER,
full,273,6,TUTORIAL_CONTROL,
attach/detach,273,6,TUTORIAL_CONTROL,
could,273,5,FLORA_FAUNA,
taken,272,4,MEDICINE,
previous,272,3,OTHER,
light,271,5,ITEM_WEAPON,
bars,271,3,MEDICINE,
hard,271,3,OTHER,
exit,270,3,TUTORIAL_CONTROL,
viewer,270,3,TUTORIAL_CONTROL,
metal,270,3,OTHER,
amount,270,3,OTHER,
default,269,3,TUTORIAL_CONTROL,
capturing,269,4,TUTORIAL_CONTROL,
around,269,4,TUTORIAL_CONTROL,
object,269,6,TUTORIAL_CONTROL,
apply,269,5,TUTORIAL_CONTROL,
equipment,269,3,TUTORIAL_CONTROL,
gauge,269,4,ITEM_WEAPON,
created,269,4,ITEM_WEAPON,
upon,269,4,ITEM_WEAPON,
sniper,269,3,ITEM_WEAPON,
now,269,3,MEDICINE,
removing,268,6,TUTORIAL_CONTROL,
union,268,4,ITEM_WEAPON,
skin,268,4,FLORA_FAUNA,
battle,268,4,ITEM_WEAPON,
transmitter,268,4,OTHER,
them,267,3,TUTORIAL_CONTROL,
swallow,267,3,TUTORIAL_CONTROL,
aches,267,3,MEDICINE,
venom,267,3,FLORA_FAUNA,
effect,267,3,ITEM_WEAPON,
detonation,267,3,ITEM_WEAPON,
australia,267,3,FLORA_FAUNA,
even,267,3,FLORA_FAUNA,
human,267,3,FLORA_FAUNA,
prevents,267,3,ITEM_WEAPON,
shot,267,3,ITEM_WEAPON,
american-made,267,3,ITEM_WEAPON,
front,267,3,FLORA_FAUNA,
named,267,3,FLORA_FAUNA,
often,267,3,FLORA_FAUNA,
female,267,3,ITEM_WEAPON,
applied,267,3,ITEM_WEAPON,
worn,267,3,ITEM_WEAPON,
weight,267,3,FLORA_FAUNA,
state-of-the-art,267,3,ITEM_WEAPON,
currently,267,3,FLORA_FAUNA,
place,267,3,ITEM_WEAPON,
properties,267,3,MEDICINE,
cured,267,3,MEDICINE,
rotten,267,3,OTHER,
just,267,3,FLORA_FAUNA,
normally,267,3,FLORA_FAUNA,
apparently,267,3,FLORA_FAUNA,
other,267,3,FLORA_FAUNA,
half-bad,267,3,FLORA_FAUNA,
recharged,267,3,FLORA_FAUNA,
environment,267,3,OTHER,
glance,267,3,FLORA_FAUNA,
pinch,267,3,FLORA_FAUNA,
bone,267,3,INJURY,
healed,267,3,OTHER,
rika,267,3,OTHER,
muranaka,267,3,OTHER,
chunk,267,3,OTHER,
raspberry,267,3,OTHER,
throw,265,89,TUTORIAL_CONTROL,
death,253,10,OTHER,
book,243,3,OTHER,
live,242,34,TUTORIAL_CONTROL,
see,232,3,ITEM_WEAPON,
extra,202,13,OTHER,
over,191,4,TUTORIAL_CONTROL,
virtuous,191,4,OTHER,
mountaintop,189,3,AREA_NAME,
photos,184,4,OTHER,
duel,184,3,OTHER,
demo,184,4,OTHER,
made,182,4,TUTORIAL_CONTROL,
explosive,182,4,TUTORIAL_CONTROL,
assault,182,4,TUTORIAL_CONTROL,
stab,182,3,TUTORIAL_CONTROL,
plants,182,3,TUTORIAL_CONTROL,
taiwan,182,4,TUTORIAL_CONTROL,
sound,182,4,ITEM_WEAPON,
slider,182,4,ITEM_WEAPON,
magnification,182,4,ITEM_WEAPON,
has,182,4,OTHER,
here,181,3,OTHER,
military-grade,180,3,TUTORIAL_CONTROL,
detonate,180,3,TUTORIAL_CONTROL,
survival,180,5,TUTORIAL_CONTROL,
plastic,180,3,TUTORIAL_CONTROL,
balanced,180,3,TUTORIAL_CONTROL,
directional,180,3,TUTORIAL_CONTROL,
pick,180,3,TUTORIAL_CONTROL,
cqc,180,3,TUTORIAL_CONTROL,
american,180,3,ITEM_WEAPON,
caliber,180,3,ITEM_WEAPON,
combat,180,3,TUTORIAL_CONTROL,
does,180,3,ITEM_WEAPON,
take,180,3,MEDICINE,
using,180,3,MEDICINE,
settings,180,3,OTHER,
hind,179,3,FLORA_FAUNA,
tiger,179,3,OTHER,
bullets,178,4,TUTORIAL_CONTROL,
arrows,178,4,TUTORIAL_CONTROL,
distance,174,87,TUTORIAL_CONTROL,
varies,174,87,TUTORIAL_CONTROL,
meat,153,33,TUTORIAL_CONTROL,
obtained,122,31,TITLE_AWARD,
title,118,28,TITLE_AWARD,
fire,113,13,TUTORIAL_CONTROL,
formatting,102,3,OTHER,
equip,97,5,OTHER,
boss,97,4,OTHER,
wear,95,4,OTHER,
side,95,4,OTHER,
deleted,95,3,OTHER,
crawl,93,3,TUTORIAL_CONTROL,
retrieve,93,3,TUTORIAL_CONTROL,
machine,93,3,TUTORIAL_CONTROL,
ussr,93,3,TUTORIAL_CONTROL,
detects,93,3,OTHER,
army,93,3,ITEM_WEAPON,
action,93,3,OTHER,
i'm,93,3,OTHER,
read,93,3,OTHER,
end,92,4,OTHER,
auscam,91,3,ITEM_WEAPON,
behind,91,3,ITEM_WEAPON,
got,17,17,TITLE_AWARD,
repeatedly,12,5,TUTORIAL_CONTROL,
combo,10,4,TUTORIAL_CONTROL,
consumes,10,5,ITEM_WEAPON,
reflected,10,10,ITEM_WEAPON,
bare,8,3,TUTORIAL_CONTROL,
hands,8,3,TUTORIAL_CONTROL,
punch,8,3,TUTORIAL_CONTROL,
hangar,7,4,OTHER,
circle,6,3,OTHER,
pad,6,3,OTHER,
hive,6,3,TUTORIAL_CONTROL,
supressor,6,3,TUTORIAL_CONTROL,
cardboard,6,3,OTHER,
box,6,3,OTHER,
damaged,6,3,OTHER,
opens,6,3,OTHER,
door,6,3,OTHER,
sokolov,5,4,OTHER,
shagohod,5,4,OTHER,
ocelot,5,5,OTHER,
volgin,4,3,OTHER,
bees,3,3,TUTORIAL_CONTROL,
commencing,3,3,ITEM_WEAPON,
meeting,3,3,ITEM_WEAPON,
reuniting,3,3,OTHER,
