stage,bytes,sha256_before,sha256_after,changed,glyph_page_bytes_from_eof
camera,417568,e874b081dcf21f150935f82b0bd4173ac95d1c7d8d45dd7a432f332718e9d2d8,e874b081dcf21f150935f82b0bd4173ac95d1c7d8d45dd7a432f332718e9d2d8,no,65275
ending,491636,bcc15f2aaf1908614202a8132ef3ea3ab61f381e48d0870a36b263c38e3d05bd,f3db571159b52ad8abadc6c7c63a84b93a0bfce8a52c6e42d57254172bdecff1,yes,65275
hx001a,771164,9681fbe8c6eda5d8349ed8787eb3b286197fb4b1138d9695c5f5fdc4c3ddb0e1,6ea2cd9a1f3e0fe5ed252d68f9ef063dab24ae1d8bbfc6c874e3e9936c6a96e4,yes,65275
init,467276,60aac5411c2759d3c17275d297c1441c8ca84aaec572d80afc7731ddef7ad5c8,a789bb5ec4406725aa49667c8e26aca5c547a34ae12ebbf194d7d0a0e3269ad1,yes,65275
kyle_op,467288,e2a788fcddd0c5a760f6ee36718d8f8163aec7d354ec593644318c918a88b6f5,4c15d1471c0bf185e7c1617a161191faff476c1693c165b3b8fa2380f813db0a,yes,65275
motest,417600,d45924baa9279474a0f9e81bb03b62b5d75e7390a4058275df7e5ee78b999dc3,d45924baa9279474a0f9e81bb03b62b5d75e7390a4058275df7e5ee78b999dc3,no,65275
mresult,417576,7185c993e68510067f54bd3a10dfcf6fb9a15d876d91033df7f570d7b69ed9ab,7185c993e68510067f54bd3a10dfcf6fb9a15d876d91033df7f570d7b69ed9ab,no,65275
mselect,418780,4ffd28695a0eda2be89e0cdc0b32145eeff09d15f8921e5933d25e1a1623c57d,4ffd28695a0eda2be89e0cdc0b32145eeff09d15f8921e5933d25e1a1623c57d,no,65275
r_sna01,500348,4b32f25caa7aee604913ef732056719365942124d7893bfd166f3747a8d63447,c325c95d8c9c1914af1e62b004b5e6cc3e98b72257474bc1aa70a435d35ef24b,yes,65275
r_sna02,500348,4b32f25caa7aee604913ef732056719365942124d7893bfd166f3747a8d63447,c325c95d8c9c1914af1e62b004b5e6cc3e98b72257474bc1aa70a435d35ef24b,yes,65275
s000a_0,467408,980384e38d1a137487c5d47fec83be5368431227ad9ea2c996482c9645767768,afbc32fe67e04f4451bdf9d44c9d93d4fb52dd23ed018c1bf202afdf2b3bf210,yes,65275
s000a_0_0,417616,f8ae59ed0e9dd94b7fa5aa1de24a38cd9574a93958dde1882403a4a18f760568,f8ae59ed0e9dd94b7fa5aa1de24a38cd9574a93958dde1882403a4a18f760568,no,65275
s000a_1,467688,6bde21fc1c85b11ffba4c1041fee1410e6452a005496296e17a8053d178d7968,2102b8e9a315dca1b9d26f8774664ff7bc634dffe7a9523ea8fa09acbe26314e,yes,65275
s001a,772752,1b401e7bd09c1766561ea2507b6a86b9e2bf0419ef6db98eccfea37174bbe1c1,91a45b7e575c75b76f70ef5f47ec7b75c3d05b5cf5bb522a6d800223c5f8dc72,yes,65275
s002a,771784,d096c1dc9945d250f0fefaa48138e178f1cf4c21a2ed2e008b8f78e8ac568737,7dcd4f1d84f54f61e7a59d6ada1bde3419b1bcaeaee920d6e205e1122c969079,yes,65275
s003a,772656,78905d439b6a305b6af1d71dbfeab618b5920976d7023c0613a925fe2c9263d6,df43d7e7db62597e8aedaf519e0481b8126043818c2264b7db2003fdbfc6a927,yes,65275
s004a,785196,4be72d42a1f772a49f2a52ff579b54b82b3cffe5a7b7c3f1b53b06dcd0281875,47d2b9d6a8898157221747832fcb4ee29ff3872315a65d14e5dead4600cfc865,yes,65275
s004a_0,467732,5df2416e0b4ba2d4a5af217ca3b75bf3ff8db9ad33f5aecbe5f5b4b714ea388f,c38fdaeabd060f1fd3d269a7415e8d09475b2685330b3ef92a510b99d780dba0,yes,65275
s005a,785080,ccdca449323f191ce302d8c82d1bde1486a569e0bfc7afe1c7d93f984ffdcee4,a32642a7af6dbc5a429939c535e594f5be1c4268180eca4d2ca40afef84d1f21,yes,65275
s006a,785200,20423ab91f05e3103891abda64aee2fe126eba5f81a322f0a5587b605d16067b,33fce74008b27a0c0ef60f15a0ee1a4a9f0a126bc034a0f178851959ae86e29c,yes,65275
s006a_0,483080,055aa3ffa9f4b6555866bcd5d1d36ea09d78f768da25c93325594fe3164e2d70,6b01b833eb2948f480addd94a582e4c68c331a29212d05b2fbcda3209423889e,yes,65275
s006b,786120,3a1ffb4307df8c80da1d78f051f446b4925d24a74411c9b56dfa9f8df92a3cc4,a0f31df863997fa860b1d420a0a5b12b6f62af62173ee82e083a7c9ca45b878f,yes,65275
s012a,772840,4a9630900f57b036f968c9956a7113de8c98d9b4e72c9b52280eaf62f40641c2,f33a6f5765b565b557d1453b50f156a4819e7e9fafa3eb0d1bb9c5d5bdcded30,yes,65275
s021a,785492,0e3788dd0234c88afcf1ff779572ce514d4f31292b54b33ccb88e518b022d80f,245878022911296c4e9535c625a283ac09b2be54e7f85746d1fa6e52f4745213,yes,65275
s022a,786576,e60f66dcc05d0824cb3f35abd50c0b326c093ec13015cba252179fc58c99a772,088858de7db069d9cf16eaa3e255c8252ed499d40a4585f4a1e4e2c5e8a95b44,yes,65275
s023a,776000,53c274043015543323f5c65f700bed2256977505233173387ef540455d00e762,691c403555d773c1ad40991e059707fc38e469dfe8d239ab4e77b653873b233b,yes,65275
s023a_0,467672,9557f5e4f4672bd56c451ed613aee874191c45319cbf3b58cd30a0f203c43fcf,6c1202e12ff0792bdb3f49d182c2e7ed495a8e29cfc8384db4a7691ae8cb8c0a,yes,65275
s031a,772848,9da1924c755f4809aad8dd69b637f4081a381c2b0aaf1fc9cf7a8ee2f26c6679,5c87b25fefe4a038979c64bb866eca507f802346c44c793dff96f38fbdae192d,yes,65275
s032a,772856,57925b6d37e4ef70952833e5a145ab7b84719a6d12b885e80098d89e7e8b250b,934b191cdfbcc61e9d81f7f13149b0f1a1e57e89f24874983a15ee083550fb23,yes,65275
s032b,775796,0097b46149cd4038b5d5e2eb53cf11b768afd775c9cc26da6bbf634f5f114737,2173324fbd5b8a1e41f56e33fe38f7a061933d3f2dd409054e6cb87ed7622506,yes,65275
s032b_0,467664,b34f1d7a63ac3aeea750e7f72a55d3e171a1a87e0deef976c126700d5d560265,f7f4b25d5a536cbe83c9c33be11e2c9c643dc54b075013f5c3b1c0dc3666447c,yes,65275
s033a,773160,5d29d294d07a43f8bdac8bf58ca4661ecf67a09416b07a1f74de3513ca7755dc,99b18f065af6b30f2ce2c2fe9391a6a91dc734a44fc5a81e0f7fcd26ae4c733d,yes,65275
s041a,784380,cc782e9fc3800a7a20714a6d083f4172d25df9574b7aea9f96095f1d5e06eadb,23d3a59de8928ade8aac2a6897d0516f9b2ed16bcaebd636d4dfc0fafdfbd84e,yes,65275
s042a,785272,9c4f7313708acf74e5cd2ec4078e6e6dd09a871d11d986557b7f269ec7cff746,43af1799b77410311c8db09966e3048cd13477e493782e99e0083b5f93b69b28,yes,65275
s043a,785588,d28d552c2f361ba059761b7b0fc2aaee73ce993292412d737d33f7676c660a74,8be0ea9d61ea1e25f48a0a199523179c568fbac54f659606031e17e638aa450e,yes,65275
s043a_0,467704,6cb4e973b18bd614f168f949a36b077900b178d0731e3b01d3a9f877eafdb786,2cf4a88314bcb62ddec01dd9f8757ce3ac9103a694163a193a34175babd97f00,yes,65275
s044a,785700,93e567843e5ad23309410b43c7e77296c6d20dab69c351fc1b8360f6b7e60723,2f75b087d245739faba8b2a4cf37a66e6032fecea047701dcf55216392b362e4,yes,65275
s044a_0,467448,4cf3653682c9b9768ea31727a4a25c9c303e2a2c91f77ae3afed27f77194b813,45281cb6fcfbe1afc15fa353b9ef753171b128822f81a8745ebbea810e3a6a1f,yes,65275
s045a,783932,9e8659dff2378e1603e1fafec813778b0e26449d2f7f1a0179668151ad08f7b1,4a8d48dee24d0e4216d0e17955ace552364d1691b81fa2007d8e6c51d3f0abc7,yes,65275
s051a,772712,e52305a0040200e081f68b392e7d6cc188d094e68cc7cab5faa6a5d7bf622194,14ffb9c1d662cbefe3c25ca25fbd6fa474fe9ae23388b8f90d4fbcfde8b12522,yes,65275
s051b,776108,b1a2710caf592e488d4f680fd615161d366fb5a2773f0d3f3f1d2ba9ac22da38,7c9eaf0af2dd9b611a623a87b6e4a3b5e53f424c4a6f1ca3e1dd20482779b214,yes,65275
s051b_0,467808,8b7b6081e9a84cffb19dddaff245ff1bdd1ddb34e634b61b29817d12219ac1cb,43d62bf3cc1962a7de267006a0cf939ee4309869621a050abfbf0cdd7e5a8dd4,yes,65275
s052a,785360,18d4ad9d95a2a1f84397c48604b563500bcf7d1ed203a5ec0126f1a8bbd13f12,a14a29d9e9a2a89ea4f9dec979360c045c286214d721ab5096ca8029e8522193,yes,65275
s052b,785072,8dc97a33a44c457da3b858ce11ccbac68c8e88435ad0002fcf9538ed06191ed7,0136a5cc9305d2e6c16f6f3f4b90054b78589020341c176c6ab49f084a425b0b,yes,65275
s053a,786200,d45259020a7bac122ecd9b9da8384ef3be491199f80f8e35c126257a81c7f7bc,07dee1b291306fcdf14bd66b1ac1168b59a784a855842d63c2b3af08361508cb,yes,65275
s054a_0,467692,78e0a7d1e1aebdd6aad4cbffe4a3830da5a9c0009e9b5a987ce4c266e190fe16,359aa54534bb5d456c2ae339a28dc9110a6b8ac6556769473f494e9c90e2eed4,yes,65275
s054a_0_0,417596,802a8fe7db3517cfbe3c18b719f3aa101cf6ecf05b84b1d24e71e1e81ca9a400,802a8fe7db3517cfbe3c18b719f3aa101cf6ecf05b84b1d24e71e1e81ca9a400,no,65275
s055a,784656,a96d45bcc85eab8c21808887fb1d708c94cf8d9fd884402e5826c4cca6173811,b3d390c9f2ab0ed9b14ef29d5581e7ae91c0aba3d2ac8906fb48495557a6df4e,yes,65275
s056a,785804,bb70b08601383326b7fdb3a4bc15cdf006ecbaa6b98750ef36cd69e750d1fa3e,477e1680e638c76175ef64dc91ce0599235ec536810093b23ed51475a93600d0,yes,65275
s061a,785936,dd380f6e61c594897f586020f2d123a71d42ff13ca87f4c02a04f816a32280e7,bbcbab02053b5ed2fd4d90458f86283b476e0ab74c71ef64fac1c7fa32deda62,yes,65275
s062a,785900,8d03c085d4098addc2fec17f4eeb24c383e21faf67973404f85ec862c04a082e,58863171b3f2018b4f2f2511689ca531e6be61282714a1d77623e1fa494ba3ec,yes,65275
s063a,776508,5bfc43bd392ece216458396038020c5fe1a5424e4e069eb56e0fd22d5b4e3a38,d1c084722f90ab3c291827d8d815c4cac6810bf916953d2acf9b2e68c28692d9,yes,65275
s063a_0,468100,37c39bc171c5b3da03fcd60485193a58361af4d4fcc11dc4bd7f7e25c25a78ae,680cabb2936a0299ab7478e8942740b1a8b906963fd29119f82d5972a82b8e42,yes,65275
s063b,785492,8a45de01d528518a4b3b5f7dd7e63996617f635b3d7d01ef4c4be2514095d481,e9496a65eac284021a6aab8eefd220471b122c5e58799aa1782832d722139f26,yes,65275
s064a,776116,402f66803d70e18c1e1bc865792aeb9ecba8e1de86e3d1aef8cbf3b32f15dafa,2d51474f85180d2103abbdeea071ba27f814cabc75d6ae221c7b8bbbd0666bbd,yes,65275
s064a_0,467760,7a37a6470b25f0286ca79a4b614056a788846a53e23caaf8280911b22dcd614e,e34bb354ce49ee104352c36c50041ce4b9f6251cf9672d575be336e13e0059d9,yes,65275
s064b,784880,cd59bfae7a2ea2d6111d5d00822e32aae7e213d8b1f97de4d1485fe2931ee1cc,2f253a0ea1010d22781003f159a77cd06dac88460b99d18da83beb9080a136b4,yes,65275
s065a,776368,56e8aee6faa105c29cf6bdb18522a2b56eea5ae82ce178c2224c3a9210c9bcdf,39dd44133b690299c728dcf3dcb6cd09048824916fedf6d3c0fc8e8db3a6affe,yes,65275
s065a_0,468056,64dac46a7dde1142e9f9793beb5645959573cd7c0b4c4bc5e23505d975fb1023,83e1b8f48e9030e732ecb599d7a7ce0f892fbfc0b54b51e7b9a41e8ff507b441,yes,65275
s065b,785116,92287eb026ca2a366634c34302a4293ecf640faaab49fdb81ece05999ac27081,90b00ee85b51eb10cadbcc993d8ff963f2d24444fab763bf606fa9d68b452763,yes,65275
s066a,771828,e0762e29cc545c0781387a9923a4014ba9d5143a227c18b35f5a5be3ec0eb314,13f2a089af91c17f90e0f863f61fc2f4b0d1f419f2e98c99b68106bc887c090e,yes,65275
s071a,784684,e4ea65963b3cfd9ccd2c393de0d52f91c31707b9adcc16f87aba14e996856dfc,dfb99ce21602286df99bc26e84dc28a068b93799137f6552f4e8e4343d460377,yes,65275
s072a,786168,ce9eac10af61f9756d3ad91f5eb919d27df6a838071af68a5514d4405595b396,ab82071ceea25bef37e58f16d240e91040c4df7c24c99e7bd324ebec1d645cbe,yes,65275
s072b,786148,43d7059fd52ff8aac51f55905145989433e85e046a9fb60decf57078e935861f,a960b57be05d4cfd42c1325c8de0dbc1c1c3cd5a03b06cb8a96564ac3fc596f7,yes,65275
s073a,785572,a6de33dfa92f23f217554b94ec777ac5b3963fe76a67870c889503c0ca14c0a2,27bf4c088f327cfeb79e34eea4256eb6c2a2c26ef448488b312d3d00a2cf44e9,yes,65275
s073b,785532,a458987d7859917d72f21d7ec9dd62544a0b822c1afa0ffa54695d9abdae8dc6,28d3964f14d69c61c40495d4dab1d4cc2f23703860d231a77ac70ccf1af19ce2,yes,65275
s074a,771760,68af52fa0e05fbbfee60254c5d696f8f06325cb6649ebc6d1c19a544bf95728b,80cecb506cc47705cc5b0f14de8beadfcbda8f8b265ed5d568ae1aa088c09005,yes,65275
s074a_0,467404,c4119579ce9a28e11f82f448bf2c34bdea0920b58c7b407367f5a86378805f69,a66dd9fb4b285aab84573a1d6a288178b537ded79a0ea10f9688d3510e91d829,yes,65275
s075a,783584,1f102e11e7cb2a9e2dee3ec96c8b2e13e330d6f3495ec0d6ea9d8098b2cd08f0,da213c9b85216d8cefe21635a884315972c8f71a6088d7eca3774662142e84e0,yes,65275
s075a_0,467812,fce7e24e5bc0289f6c076c4bee52ad39e6b448d9365058f3f775ad77de22b045,8aad93e63ce1608c11798e7ba449b927248e9adf90755a04cb8f9d2518a69e42,yes,65275
s081a,775980,58076c5b16552d16f35e07f087f94a3fd4df6c5cb5c38653c09889a86a51fbaa,f760e616e23dd2ba4c00067d616bd81292547282fb047c71c3487bb6554fffda,yes,65275
s081a_0,467764,f264b9a29ff81846d179fdbf0155cb89f7c9b418bb77d9462d71c425f6f73b72,c3b00b0d2c91868ac2473a7b482b92f97ef9a2f489ac5bda49c424d0cfb4d631,yes,65275
s091a,785836,a49beaff8d15612df935e0a46becc47e3900dc056b2bae43252f35faae93a5d3,1c9d7096128f9d3e0df6f8f648fe1abb0ae3550ecfe7fbfc6da29d22dcb34542,yes,65275
s091a_0,467832,407cef4658ec55899ffd8d4bbd2d83b515ea36602ed41fed462ed9c0f21bd5c6,4ae190f92f862fa01cc23d16567065af359ecd7290dfdcf181f7467357b9ae25,yes,65275
s091b,785716,67ead119c2a8f5e3a58781f4dd31f46f02d174b3fe1ed2770d72692668d4402f,9a38cc9ecb137c7bec0db9c8cb1d94ca64b79a5270c0f33584eaca717f0223f2,yes,65275
s091c,785828,2a7847aaa09d30edaf398271750c8c472ba26ec39cf7505952f700dedacbc538,01835c8eaf50880ecbef168d3249ebc0870231ce46844a2cfa8fe5a8744cd8cd,yes,65275
s092a,786224,31d7478710cf63d311b5920c35107900524459d92bf4b5dbfd9a42f9487ae8f4,d0b03edc1026cca6b9162bc865b64b0a61afb5e3f6fab03c2b7ca49a8faa27e1,yes,65275
s092a_0,467900,446146ea0883d38c168d0ca8e3618d2cb3d966daa238b292080e7ae6a3ee55db,66f39911e0b61b83e95f3a1470e8852e97bb10431de5dd96ae1d054f695b1eaa,yes,65275
s092b,786164,21b320675a37edb82c60e9eb48ab154dc809a480b2c7e70e377cf87f6e47dd88,9dc4a53de3eae413f12f736dfc32f0d914356a858e89587b8a9614731628f88f,yes,65275
s092c,786228,80199831e49a779050bb624f99774bb292012300b792bb956491d4210e466341,ca2cebfa2d3fc7e796dbbeec7dbaec30c84c74b3ff8e049bc61fb4d633966359,yes,65275
s093a,786576,b4a4c75fdd3adb3451ea3fcd3d34cf94cbc26a8f507ef8e2b73d27d810c20197,64b34e42d76b004e927124723d571dd729ef3613d612884410a0978470d6316b,yes,65275
s093a_0,467628,63c8ec343d07e31ba3f0a968807d1f0c53b9a81f1d91ab752075ad58764129a4,ffcf6c7990f9c8180e127005065d6aca151b9073642f44c18c5fbdbfb7423479,yes,65275
s093b,786516,35ba413f9db938da5d01e5dfadd0ac62e4e8eb8db7fde139a275944446b2fbd7,5b77aed6a85c8dda4a05770b17887438f1aacb62533e223e7e20b380cad2ff29,yes,65275
s093c,786576,fbc475a2645fa5641657fefb06a4e8d85821accf63c890398e9483649f8703a6,cee4976cc90e08cd2491125e74dce4d3dfaaf9b9f80242e790d5474fe529363d,yes,65275
s094a,785052,1998fa72c5e9effb9629000b5695f422be48396dab5d8d8284429a486e4a7305,1bca11b616dd3575d5b9ba9d794f26f95a6faac92b6e11c7d1504f6716f25b3c,yes,65275
s094b,784960,2075eaee1e50e4b736b59dfaf6f4aa585da5200eca087dfeca7a9e6be3faa061,c6ca44aeb1485c0b43e932d33b66bec44ab97694aa4909e79cacacd6cc227e40,yes,65275
s094c,785048,96591b712b382c6fed2b724adb65536877a7a30f1088e94456b51ace5a14a661,881c1325eea6a314f36db0f0117d47d49d15677dafa533ed2257be1a4686b8f1,yes,65275
s101a,786932,020c20f3e1a1689b341d7b7d852bd249f52217c666478689d5353f762c81a2a4,39455f311c563f17a75bc9bfdd5a7525a0f38a304d7d0eddbcc432cac2a39c40,yes,65275
s101a_0,467712,b507533cd4c75f9c4c6b8dd0c8028c8df66be8d7b50346a4ff039ef8bb159e6c,723c55d77573123100f71ce89b36c461d38611e0a9722b96968a8c096526972f,yes,65275
s101b,786500,3b9578ad2ad791e99b7bd08c49a960bccc8d3e3e13223ea33a775b7c4d77baff,a2e875da71470eff69c17c1dd23c98db11e08921cf57fe1c8ab6316b1abc5b55,yes,65275
s111a,784960,6c60d69037cd48a63e08a043a45da11477f75b02d6b092bc10e5b0f656252c3d,99b33419eeac399372629a1b6ebbc7b084bd834aa910e2c8e3c8039fe52d91b5,yes,65275
s111a_0,483048,9968a2484f5171a1afd0764df1c8a0861b57d3fdb93d33b91c09a60ace1da59f,09831c2bac8c6e1b075264544d4c628502621e09b9f5e2cc3be023d0490272ed,yes,65275
s111a_0_0,417596,832e494b595aebf6fb05aa5355ad8aecf8cf2fa74b9732ea58b7811b3d5dd1c7,832e494b595aebf6fb05aa5355ad8aecf8cf2fa74b9732ea58b7811b3d5dd1c7,no,65275
s112a,784180,a3d773874bb88a1cf08bd6d879da957c49902b971c8eba5feb2052fa71d6ddef,b46b32672533765db4f5a9806d1301ff0660d0db3321dbdfdcaea2823f0a1ea9,yes,65275
s112a_0,467716,434d045ef331bc3b9b03fa17b4ec4b8b855b46f9e65beddcbfc5c350e949dfa3,4efdfe35ccf42a8dc0da687026a38ac7f9d84774396a2b520d65d031405858bd,yes,65275
s113a,772336,81a32743f8d798e9ba8d4a8a603fe2ed0c83955c7b7434b7da800ab073d61ab6,2caa5d224a99700a37223a6fcfcd72c647d37db4a87c36677df973d5ad85f512,yes,65275
s121a,786696,b4eb7324cea3daad49b9f5107f78750714853b10a00444e31fb6a489a19abe92,38f790969de65417e85e4261bc0534ce8b92457fba5e26f19062fc0df58753dd,yes,65275
s121a_0,482992,16aa5e64f0acde334c659a7add9e391ebaa526b3badc0d38a02fe1a1a10b7e62,0fa77369724a3597c6f7ca4c373cf57741f38980997d38f1b444096762f89cc9,yes,65275
s121a_1,467756,9a3e351e02e4f3e79cdf28e350f620ee25936b09e1b9db8c7a8559bcf4c82d92,6cdaaf9812781ad8e2e305b381eff543e6417858c0ede092dcb2935f47d623e3,yes,65275
s121a_1_0,417600,e8c081f91c5b259634ef2f9c0cf794b11c3123852e5598db408c713a5ff840a3,e8c081f91c5b259634ef2f9c0cf794b11c3123852e5598db408c713a5ff840a3,no,65275
s122a,775720,76b8b5e81faba5b84c16816ee30ba6403b644245c554c3446de6e0fca0ed41b5,38de7068c5b983b7e18a5ba4f0d892ad4e1c8dfbb2abf7e9742b2b26da511de4,yes,65275
s131a_0,467660,383f7df2eee25e5c2c7ac01170e28483e3f5ed8e3c089d8b2568bec6f737ebf7,a75763a61797f952df104203fc35179c15e7320fdb9913eea8978e4ebbcdb133,yes,65275
s141a,771652,df30e5c72dc432fb5579f161d546f070f761fcb9efb398c222871fa7c6d76702,e7f5049e1d8af73b0577a2f2879f7c007c7bde12feb06bc8b21d2ca65e787e68,yes,65275
s141a_0,467648,eccf6161e8b9e332cebe9c8069c8f83d7b9d448686319911c62b20bd58cc2f6f,22dae0bf814530be6f3d2de5bc1c2efb508432c55338ff01c1ccea4f32b138b3,yes,65275
s151a,784924,f32abceb9a7980c99d0e7fbaea3e393f9013d3d0a34cccbc77f28b3e9d8737db,fdb52702908287efc71a63265a4d3d1cb50081783317b0a2f18da1afd480e6fb,yes,65275
s151a_0,467696,042dfab024429421b355f12c1bee7d476a884716de3742ec0f17e32e19002c1e,39d885d4127c3d3a1e9bc45ace5b7d749fca420ad18a271f4c09dbd042adb1db,yes,65275
s152a,771828,2575751e3b2a6ef13ecdec9479847a5f3beac06ceda3cc9f6ed0481146ceeaf3,6fb3830fb989d3061b968c16d888a4af99f862539de66019db1fd194a40339f3,yes,65275
s152a_0,482884,4708e43a68ecd1cc348801034a901865f45d994fbb28ca7ecac95dc96b707d5b,813b4869aefc0a63fb119ecc0383a0e91e9425fb28bc8f5cfd3bcfd6b87341df,yes,65275
s161a,772612,3b02f86e23596d3becc2250d2c473f6fed3026148118269b184e7e80f5b102e3,b409badee782641023d8cf4183e04ac208ceeb9625c818fb42f9d0476cc148fe,yes,65275
s161a_0,467636,0f67af4995ce35e5c7f96816fb60930f761204a8c38dc8ada4fad2e6ff8a0c6a,809dde1a65b0eff156e727e271a71a945d71160c1fc91c7f5c1a509b2bcb1866,yes,65275
s161a_1,467372,db30d4634949b2ebaf7b6c125faa3dc36e0858dac00172052c2718904bd92f50,7c53990fd70626e7fa40afdd633ba2408b8e4c0a2d8cdc98ed8e4f44958ab814,yes,65275
s161a_2,467616,a7597539b7a4383d488c215dc56b180796871d339a318360f756c1be51a2257b,dd3b119b476abac0c42609010dacdfd6d80d581bee88e3dac0bcc3cd39b6fdaa,yes,65275
s162a,772588,e73cbea42dccb2e952c332ee4c764ec29f3a9c805fbbf4f43c2e6b7a8c3585e6,3c9380d9f790ab72da9573a2371c78c535d6b94256f552ad95b45ffdd34c7a04,yes,65275
s162a_0,467632,bd116a7878c1e1063380c2f0e979606ee41543590edb35190da2b606680b2cb9,f1f29fb8986e613c33372375cecf7508f6c420935370d1e9ec92fc8cc8282182,yes,65275
s163a,772512,6a09e922f4983937d5c0ad5cde7c4d3c630092742615819745f1e1a0db3fd7d1,0d2131836f98f43b20ecee66a756d7c20aca45cc6b5f09f7ad54fc736de9ff51,yes,65275
s163a_0,467660,ca8127bdd09d3a617351efd79eaef9e87e86bef72a28711be81b9b5293cb9b2c,83aa06561c6e2755afcd75d33a7751956e1af05c600cbb6efc9e7b589f876fc5,yes,65275
s163b,771960,bde7b056cbea7ef6e5f63b08b061b0a0e7117aa10bb789b4352fa7a149abc4e6,930ddb42cecae960294ecdfbc0805c91a7d165fdcc9e1988ccc89ee74bb0d03b,yes,65275
s164a_0,467348,9dd6f02d151811ff3155a267317ce32db20178e38d8379d6e8a00bc5fbd97297,8a0916e74947a8c57f75fcbe087bde6a0e5bdca591f2fdc8199d0da8d4e8cb7b,yes,65275
s171a,771676,a89ad84ef4d7b70e65c7d6181f61190c22725cd97ec101f6bf8aaf65ab9e4967,e3515fe31f2976a877f0c1bd8620f632d70dfa330e0fe76dcbe6dea27d7d4921,yes,65275
s171a_0,467696,af2ab0b273d24b6b94d674f8f203a0c6463c86083c2fdd8d539f3248ebaa73b9,501923c0cb50c895a500ab19a0639e148410a97759c50cc83dd8a64982466275,yes,65275
s171b,775596,b83fd9d6bf92eb590de86dd1f83ccaba90f3ba061f27cebe05052169270924d7,302bb186884f041e8ad25387394117dc9c5c4e4eba67207019318b8c7506b309,yes,65275
s171b_0,467716,d9a53e43cac13c8bca3da5c058d052fb792bcbb7cb4a3d66203037bdd4279176,1c4d4fd7b3d3f0bfaad7ae571d32a7669c12f7fb76eaba5332065a2a2c970eca,yes,65275
s181a,772224,968c796f2436ebbe579715faee6a554678401e9a03fcc93f1a635ad8ddf593cb,469812624a883d0eea6747a718342d1704a194261c39b6077a720399bf7e0398,yes,65275
s182a,783316,ad498d4741ed034f77c077abd76bb783496b440ba9f99245c85f8469962a89a4,40ecfa875999dce174ab1d0f0b50a67a1ab71406c086c5b93cc0a779f2afc8c1,yes,65275
s183a,772224,9ea39ff65296810f3786a5d7a4eed1570bbfbb6fb35f1910fb0ff9b14130a693,6ebdbbad42933a830b75c057b226480dcb77407b768a309aa4289041b061bfd0,yes,65275
s191a,772400,92a5046d1dc994c13c4b54b179e04feed88d92d138525f161f9ffd8cffa48630,ddb315284e1f36840c41a5507cc38867e07568cf3e20157eaf9ebd848397f459,yes,65275
s191a_0,467716,2a097c13ba6dcd8404faab1c23818bce31e1475bd6f2a25a9498de69af99991c,7f2623e7f13baf93b1b0b0273e37b6f5fd51e6eff031860fef1b9c28f66df5ac,yes,65275
s191b,784444,88a6c9762b1471be3ccd5ba79de1c30c8ac5ddecab34e3883a65dd5272a5fdda,223f3c414ba1067d207b24ee3bd6395fcdc8e3656c12e65a00a4c7e92ea0ed25,yes,65275
s192a,785380,b0de1221f272f3c2306ed0d805947432a908b03caa9e3035887faf978cf1a073,e0d774b261bee187b2e7a0402f4951e0ebdd879289ef5633dac025226ad257e2,yes,65275
s192a_0,467372,d8f0e6808013c9c6e0a8649ef6076afbd681c3c414e4354d28900941c3bf07e6,7d1835f8b394ceac8a797dd6cabe49b853f634a07bd72f60f8b99a1af280eed1,yes,65275
s201a,775548,e7f7bd836961404d8c75e5aaf7ba6078c74987856378f68019d255d785bba214,4d9db7fb593420238430b712afb903435aceb1afb92d543d770f5d0f5393daa0,yes,65275
s201a_0,467772,af897bfb1e454f1d05747a07182a03a33ed378f1bb0be372efe8cf5d220db689,3b888a930781c0fa0999070f3c226a4858e5124c2cc57ccb7c529539a29b959f,yes,65275
s201a_0_0,417596,020373cb27bf1f0f62863430142c0cb2598e6592bec64ab7d5b684430ff91a11,020373cb27bf1f0f62863430142c0cb2598e6592bec64ab7d5b684430ff91a11,no,65275
s201a_1,467884,b9c2ef7d91c6647df9ab03480fbdedf08125383fb3c3d91eecfa7dd5c882a50d,0f08e58d24c469af6157ad60e1e2799b36df9ff956b2ec6a65a477d76fae6783,yes,65275
s211a,771600,a6897af9bca934a1c566d7bbbe907bf3c83566218f0a66ecee5f8581d7a189ff,d9d17a1742da279a0d6707d593963e9f4ef6404955c621904de28c596b430861,yes,65275
s211a_0,467392,0f7b4dbb846b34d4e0fe7f625ac2a9c29508924dfb725bc7ccf68c23aad7a03c,ac8e777941a7b1f7a9616267fda2cb585b55497617f27ae9bfd5b87791d19120,yes,65275
s211a_1,482552,362f9f78a2cee853fa740fac1b72b0defab99016250b58101cea3b4cd5b5d8ef,33fb6b8b098f81487a7265823e427f30de8ddf1898533792abbdde87dcc14095,yes,65275
s211a_3,467660,0b66873d1a4e2d068b64c7b02fe6b87b4fc75e06d0afca27a9057614fa6df2fe,84deb95edffb98a3b696cafe9bc50719848712cec54c18f4fd78384fa282ffbf,yes,65275
s221a_0,467412,52513ff4c81a05a570f9b3628109a8c8a5dd8a687e5d16ec6ee1c55fc46f209c,8ee5c61eb90757035adc2237dcaa1f06544aa31b77adcaaa003beec59dc7c3d4,yes,65275
s223a_0,467368,a9a34316e9d46b2542a83110455247850b12c7c0457a9bead6e0a336e5857343,b94ca17ba8c2cbfa59a35b7e817f2211d7543369a14a95e944727e592a75dd6c,yes,65275
s224a_0,417612,e90285a21f17d8315ffadebecc85b9640a859453b2fe17ddbc55a8aa7ebe37d6,e90285a21f17d8315ffadebecc85b9640a859453b2fe17ddbc55a8aa7ebe37d6,no,65275
sdtest,417596,5a2339707bf5d6ac27ec20bb29f41c55e8a978c870b19a63324f48b3840cd4c1,5a2339707bf5d6ac27ec20bb29f41c55e8a978c870b19a63324f48b3840cd4c1,no,65275
select,501076,8a4e2c0c41ae6c43ad27f7a137662d3203a8c09739032ee0e5734c3dbd00da15,eb4900fcda7d9e378dc40b5ef14315739842b8e4c62045b47586dfa44f5c0eaf,yes,65275
selectD,468152,334fb2cb246d7a8616e65aabd1f1f868e2e73a1d3a44a86fc49b1c1663bd6525,8f556f432a93770eb57ecd08291cffc4e684ab8eaec5401b733cc7fe41f8ef9c,yes,65275
selectP,468260,62fffce106393f91a3e3884d4d1df35dfeb6d1481fc74130fbac7cfcd86f339d,b183eafec29fa00457d0934481f69b80a77377e3e3ef2e401ec9cc6e66e31ecf,yes,65275
selectR,475716,60aa12c12a7e968a28f2cae70e68b923daf55f953a5932a49f2068eee29d71eb,0193d9090c867230a92621dada68426dabbebfdb32c55581e85f705bd29ce69d,yes,65275
theater,777048,8f9bb9b9ce3fdb8721320787f0bea283f6c0df10276f1e8f681436ab68a702eb,084f6fa41b0e08b9a23f2d4a746475f8fdd5f8f628c53f700551d6090ce63af1,yes,65275
title,562100,0c18503e43ec5fceebc8366c5950abea05e4bd5982ef4e2925dd1092b232a690,cad37d646f432b637bf7ae950f1b79317117cb92d6b959f1c8f4c92ca73d3c97,yes,65275
title0,417664,afa3dbb2e40367780b0b0a41914754ed4a17dddba99ca95dbfd83d494682624d,afa3dbb2e40367780b0b0a41914754ed4a17dddba99ca95dbfd83d494682624d,no,65275
title1,417644,0d1def12bb19c1444c58a4579e0f31f1e7021495e811087f4c68a7087a31e420,0d1def12bb19c1444c58a4579e0f31f1e7021495e811087f4c68a7087a31e420,no,65275
v000a_0,467420,27dbffe8630fecefce0a73b3c0070b8d19e97cf66084cc1d1b172a485c652007,e375e013e4b132cbf04482472671db99bbb7218b5346a15d262eab20722b756d,yes,65275
v000a_0_0,417584,0dbdacd55c5bf6c90fd1d368de2598a364f3b99e045080e06f8601312642d079,0dbdacd55c5bf6c90fd1d368de2598a364f3b99e045080e06f8601312642d079,no,65275
v000a_1,467392,7124aff4862ac3376e2ea8f7e72be1cb7e6bec7b51211ea61e4a062c039b1ec6,d7a6263b266b5b6c578e08204cd6fc92a4157e16deb8b6113fa9a7c9db567fff,yes,65275
v001a,772068,ffe35821661e35c1d53cec7052be970daa1844f927114f55772fd4ff4b3d1439,87c088c6d4705c7e0211e189a12de2462191d2b9ad510e09afc98e4e028a39ff,yes,65275
v001a_0,467716,92fe0755d7bfc44b3be3d2efed6f8eeeb9a898db67e073081a411a1b6ca1bd24,7a78fd1f797bfdd97e714110d9fd8230f36f01b77643c1bcebbbaa622fe4b849,yes,65275
v003a,771920,3e9337c7d5a9ba24cc24d3141c0989a48236ed70053bd0db0eae3a0fef47d0cd,7114b226ba129d63f10b8c23fe4d971d47362a9441c1c1036a4a9f51075aa4cb,yes,65275
v004a,784884,126a48e2b3cce3dab6d7acd028113c23cd5f0f1db757843946965817a41e3d61,cdcad8e47d7d75a078231a4fc831543ec1f82f8b5b81ec379244ac61159c1d0f,yes,65275
v004a_0,467716,6e93749be40c1cbd35bc3c60f386dcccef65a7cd41206e0b5c7dd44fab03ca92,f0dea7a5a9a136111aafb86fce66ad98fd021daf3e1515dbcd83dc947ecd3685,yes,65275
v005a,784184,1ccf91c563ef358727a878d9151721cc53a7c056967cbda4234fba1f899ca634,57e4d12d7dc28ae90d51498359016171903bf87e79686bf0aea4c95b2d9fe9f5,yes,65275
v005a_0,467720,99c49a21bece7354893cf7263983a38f6040cffa2ed9bfe05e4666acb2062dfe,cd4925739ff330dc5927cfdc1e37c0cf22d29215fb13dd5147bb25378846b13f,yes,65275
v005a_1,467360,6d010aa761e1378d5ef8e22ca0e2e0d3de9f7b6a3b8578cebadce030a03627b5,2988fe9f5b7b10481a32042e0baabf3459437731c1d315d76500db9a8a5324e9,yes,65275
v005a_2,467656,599081d103f68ec45209c28573f2bcf464ef48ed1342600ef00f5be3155a5b53,2b24cd7f3bb060a56ab35683a6283da50b0480f577d5d22d03d7a974f6877ef3,yes,65275
v006a,786244,13d1cc9508ba89d105a0a7772b2e252905ae9b6f2023acd69b48e35f0e35f82e,849ee39ca568c1dea1a7bf7a42ab430dae979720c186981ff98c63d329e985be,yes,65275
v006a_0,467832,c23508c1c93d85175f74c67141d9f43575be6d8a0ba25f47c4bf79a1a924f760,ff631ff14fed6a30c61815948a4d96b1f93128a6aadbe62a73fcda12fbf58ea3,yes,65275
v006a_0_0,417596,6d131b8e76b5dc2afef9ba055a07011022f3a73cc95073f96dd9ed71a86dfac4,6d131b8e76b5dc2afef9ba055a07011022f3a73cc95073f96dd9ed71a86dfac4,no,65275
v006b,785188,ca33279c608731deccf58a33c75ac678565fde9bd8cd9e7e30d8495eb3416f86,487ba6322d0ca128c9188ff788077c482239d916f50e965cfcb95b4a970acd28,yes,65275
v007a,771576,a1d1c3d79de42351c995ad9bd9aac23a8614b71aefbd0a16a9b4fa456624750b,5c5f78d723d43fdbb1aec7fdba047ef8a2ffcd3242eb68b6c7439a6692a07b4f,yes,65275
v007a_0,482976,10bbc5c0b5a44933cdb192294e1561adac5b60f3c47ce4626b4bdbad3da54b33,72b701da9656d79e5c4d87651182cc10ca6d94e1737e37fe22c44faafc2708d1,yes,65275
v008a_0,467384,c4f4dd5811bc6e5f3684e8a518b5507f92c13d8b6156dee143ad92560dcae424,90a4f5abfc4b900df4b8dad7ef115ab3846ae30fb74a4ed81d114fb65849e7d8,yes,65275
