stage,procedure,call_order,type,scene_id,demo_table_id,record_id/descriptor,packed_file_descriptor,descriptor_file,resource_id,script_offset,argument_tag,argument_kind,confidence
s000a_0,51,1,demo,,20,0x003BC006,0x053BC006,demo.dat,m010_010_p010,0xF89B,6,u24_immediate,static_table_exact
s000a_0,51,2,demo,,21,0x003CA006,0x053CA006,demo.dat,m010_040_p020,0xF935,6,u24_immediate,static_table_exact
s000a_1,121,1,demo,,22,0x003D0006,0x053D0006,demo.dat,m010_050_p030,0x12BA5,6,u24_immediate,static_table_exact
s001a,476,1,demo,,3,0x00000003,0x05000003,demo.dat,v020_040_p040,0x75FE7,9,small_constant,static_table_exact
s001a,476,2,demo,,3,0x00000003,0x05000003,demo.dat,v020_040_p040,0x76094,9,small_constant,static_table_exact
s001a,476,3,demo,,3,0x00000003,0x05000003,demo.dat,v020_040_p040,0x76141,9,small_constant,static_table_exact
s001a,476,4,demo,,3,0x00000003,0x05000003,demo.dat,v020_040_p040,0x761EE,9,small_constant,static_table_exact
s001a,476,5,demo,,3,0x00000003,0x05000003,demo.dat,v020_040_p040,0x7629B,9,small_constant,static_table_exact
s001a,476,6,demo,,3,0x00000003,0x05000003,demo.dat,v020_040_p040,0x762F1,9,small_constant,static_table_exact
s004a,498,1,demo,,0,0x00000000,0x05000000,demo.dat,v020_010_p010|v020_010_p011,0x7EF3E,9,small_constant,static_table_ambiguous
s004a,498,2,demo,,0,0x00000000,0x05000000,demo.dat,v020_010_p010|v020_010_p011,0x7EFE5,9,small_constant,static_table_ambiguous
s004a,498,3,demo,,0,0x00000000,0x05000000,demo.dat,v020_010_p010|v020_010_p011,0x7F051,9,small_constant,static_table_ambiguous
s004a,498,4,demo,,0,0x00000000,0x05000000,demo.dat,v020_010_p010|v020_010_p011,0x7F106,9,small_constant,static_table_ambiguous
s004a_0,132,1,demo,,0,0x00000000,0x05000000,demo.dat,v020_010_p010|v020_010_p011,0x12DB8,9,small_constant,static_table_ambiguous
s004a_0,132,2,demo,,0,0x00000000,0x05000000,demo.dat,v020_010_p010|v020_010_p011,0x12E5F,9,small_constant,static_table_ambiguous
s004a_0,132,3,demo,,0,0x00000000,0x05000000,demo.dat,v020_010_p010|v020_010_p011,0x12ECB,9,small_constant,static_table_ambiguous
s004a_0,132,4,demo,,0,0x00000000,0x05000000,demo.dat,v020_010_p010|v020_010_p011,0x12F80,9,small_constant,static_table_ambiguous
s004a_0,132,5,demo,,23,0x003BC406,0x053BC406,demo.dat,m020_010_p010,0x13779,6,u24_immediate,static_table_exact
s006a_0,172,1,demo,,24,0x0079C606,0x0579C606,demo.dat,M030_010_P010_POLYDEMO,0x19A2C,6,u24_immediate,static_table_exact
s006a_0,172,2,demo,,25,0x0079D206,0x0579D206,demo.dat,M030_020_P020_POLYDEMO,0x19A8F,6,u24_immediate,static_table_exact
s006a_0,172,3,demo,,26|47,0x0079E606,0x0579E606,demo.dat,M030_040_P030_POLYDEMO|M235_010_P010_POLYDEMO,0x19B62,6,u24_immediate,static_table_ambiguous
s006a_0,172,4,demo,,27,0x0079F206,0x0579F206,demo.dat,M030_050_P040_POLYDEMO,0x19BB4,6,u24_immediate,static_table_exact
s006a_0,172,5,demo,,27,0x0079F206,0x0579F206,demo.dat,M030_050_P040_POLYDEMO,0x19C08,6,u24_immediate,static_table_exact
s006a_0,172,6,demo,,28,0x0079C706,0x0579C706,demo.dat,M050_010_P010_POLYDEMO,0x19C66,6,u24_immediate,static_table_exact
s023a_0,117,1,demo,,30,0x003BE006,0x053BE006,demo.dat,m090_010_p010,0x11C56,6,u24_immediate,static_table_exact
s023a_0,117,2,demo,,31,0x003C4006,0x053C4006,demo.dat,m110_010_p010,0x11C98,6,u24_immediate,static_table_exact
s032b_0,115,1,demo,,32,0x003C4406,0x053C4406,demo.dat,m120_010_p010,0x11D6B,6,u24_immediate,static_table_exact
s032b_0,115,2,demo,,34|35,0x003C4D06,0x053C4D06,demo.dat,m145_010_p010|m148_010_p010,0x11DAD,6,u24_immediate,static_table_ambiguous
s032b_0,115,3,demo,,33,0x003C4C06,0x053C4C06,demo.dat,m140_010_p010,0x11DEF,6,u24_immediate,static_table_exact
s033a,528,1,demo,,34|35,0x003C4D06,0x053C4D06,demo.dat,m145_010_p010|m148_010_p010,0x75F59,6,u24_immediate,static_table_ambiguous
s043a_0,125,1,demo,,36,0x0079D706,0x0579D706,demo.dat,M150_010_P010_POLYDEMO,0x11BCD,6,u24_immediate,static_table_exact
s044a_0,61,1,demo,,39|52,0x003D5406,0x053D5406,demo.dat,M260_020_P030|m160_040_p030,0x10567,6,u24_immediate,static_table_ambiguous
s051a,458,1,demo,,1,0x00000001,0x05000001,demo.dat,v020_030_p020,0x76C82,9,small_constant,static_table_exact
s051a,458,2,demo,,1,0x00000001,0x05000001,demo.dat,v020_030_p020,0x76D91,9,small_constant,static_table_exact
s051a,458,3,demo,,1,0x00000001,0x05000001,demo.dat,v020_030_p020,0x76E86,9,small_constant,static_table_exact
s051a,458,4,demo,,1,0x00000001,0x05000001,demo.dat,v020_030_p020,0x76FC9,9,small_constant,static_table_exact
s051b,493,1,demo,,1,0x00000001,0x05000001,demo.dat,v020_030_p020,0x78CC0,9,small_constant,static_table_exact
s051b,493,2,demo,,1,0x00000001,0x05000001,demo.dat,v020_030_p020,0x78DCF,9,small_constant,static_table_exact
s051b,493,3,demo,,1,0x00000001,0x05000001,demo.dat,v020_030_p020,0x78EC4,9,small_constant,static_table_exact
s051b,493,4,demo,,1,0x00000001,0x05000001,demo.dat,v020_030_p020,0x79007,9,small_constant,static_table_exact
s051b_0,151,1,demo,,1,0x00000001,0x05000001,demo.dat,v020_030_p020,0x11D48,9,small_constant,static_table_exact
s051b_0,151,2,demo,,1,0x00000001,0x05000001,demo.dat,v020_030_p020,0x11E57,9,small_constant,static_table_exact
s051b_0,151,3,demo,,1,0x00000001,0x05000001,demo.dat,v020_030_p020,0x11F4C,9,small_constant,static_table_exact
s051b_0,151,4,demo,,1,0x00000001,0x05000001,demo.dat,v020_030_p020,0x1208F,9,small_constant,static_table_exact
s051b_0,151,5,demo,,1,0x00000001,0x05000001,demo.dat,v020_030_p020,0x12120,9,small_constant,static_table_exact
s051b_0,151,6,demo,,41,0x003C5806,0x053C5806,demo.dat,m170_010_p010,0x13974,6,u24_immediate,static_table_exact
s051b_0,151,7,demo,,42,0x003C6006,0x053C6006,demo.dat,m190_010_p010,0x139CA,6,u24_immediate,static_table_exact
s054a_0,122,1,demo,,37,0x003C5406,0x053C5406,demo.dat,m160_010_p010,0x11B57,6,u24_immediate,static_table_exact
s054a_0,122,2,demo,,38,0x003CF406,0x053CF406,demo.dat,m160_030_p020,0x11BF4,6,u24_immediate,static_table_exact
s054a_0,122,3,demo,,40,0x003DB406,0x053DB406,demo.dat,m160_050_p040,0x11C9A,6,u24_immediate,static_table_exact
s063a,562,1,demo,,1,0x00000001,0x05000001,demo.dat,v020_030_p020,0x80252,9,small_constant,static_table_exact
s063a_0,186,1,demo,,1,0x00000001,0x05000001,demo.dat,v020_030_p020,0x14522,9,small_constant,static_table_exact
s063a_0,186,2,demo,,43|44,0x0079E506,0x0579E506,demo.dat,M210_010_P010_POLYDEMO|M220_010_P010_POLYDEMO,0x14CD0,6,u24_immediate,static_table_ambiguous
s063a_0,186,3,demo,,43|44,0x0079E906,0x0579E906,demo.dat,M210_010_P020_POLYDEMO|M220_010_P020_POLYDEMO,0x14D42,6,u24_immediate,static_table_ambiguous
s063a_0,186,4,demo,,43|44,0x0079E506,0x0579E506,demo.dat,M210_010_P010_POLYDEMO|M220_010_P010_POLYDEMO,0x14E04,6,u24_immediate,static_table_ambiguous
s063a_0,186,5,demo,,45,0x0079F906,0x0579F906,demo.dat,M220_030_P020_POLYDEMO,0x14EBB,6,u24_immediate,static_table_exact
s063a_0,186,6,demo,,46,0x00978606,0x05978606,demo.dat,M230_010_P010_DEMO,0x14F1E,6,u24_immediate,static_table_exact
s063a_0,186,7,demo,,26|47,0x0079E606,0x0579E606,demo.dat,M030_040_P030_POLYDEMO|M235_010_P010_POLYDEMO,0x14F81,6,u24_immediate,static_table_ambiguous
s063b,540,1,demo,,1,0x00000001,0x05000001,demo.dat,v020_030_p020,0x817F4,9,small_constant,static_table_exact
s064a,520,1,demo,,1,0x00000001,0x05000001,demo.dat,v020_030_p020,0x7C318,9,small_constant,static_table_exact
s064a,520,2,demo,,1,0x00000001,0x05000001,demo.dat,v020_030_p020,0x7C42A,9,small_constant,static_table_exact
s064a_0,101,1,demo,,1,0x00000001,0x05000001,demo.dat,v020_030_p020,0x11D24,9,small_constant,static_table_exact
s064a_0,101,2,demo,,1,0x00000001,0x05000001,demo.dat,v020_030_p020,0x11E36,9,small_constant,static_table_exact
s064a_0,101,3,demo,,43|44,0x0079E906,0x0579E906,demo.dat,M210_010_P020_POLYDEMO|M220_010_P020_POLYDEMO,0x1230B,6,u24_immediate,static_table_ambiguous
s064a_0,101,4,demo,,45,0x0079FD06,0x0579FD06,demo.dat,M220_030_P030_POLYDEMO,0x123DA,6,u24_immediate,static_table_exact
s064a_0,101,5,demo,,46,0x0079EA06,0x0579EA06,demo.dat,M230_010_P020_POLYDEMO,0x12455,6,u24_immediate,static_table_exact
s064b,499,1,demo,,1,0x00000001,0x05000001,demo.dat,v020_030_p020,0x7E0E4,9,small_constant,static_table_exact
s064b,499,2,demo,,1,0x00000001,0x05000001,demo.dat,v020_030_p020,0x7E1F6,9,small_constant,static_table_exact
s065a,539,1,demo,,1,0x00000001,0x05000001,demo.dat,v020_030_p020,0x7FEAE,9,small_constant,static_table_exact
s065a_0,175,1,demo,,1,0x00000001,0x05000001,demo.dat,v020_030_p020,0x1403A,9,small_constant,static_table_exact
s065a_0,175,2,demo,,44,0x0079ED06,0x0579ED06,demo.dat,M220_010_P030_POLYDEMO,0x145A0,6,u24_immediate,static_table_exact
s065a_0,175,3,demo,,45|68,0x007A0106,0x057A0106,demo.dat,M220_030_P040_POLYDEMO|M310_020_P020_POLYDEMO,0x14657,6,u24_immediate,static_table_ambiguous
s065a_0,175,4,demo,,46,0x0079EE06,0x0579EE06,demo.dat,M230_010_P030_POLYDEMO,0x146BA,6,u24_immediate,static_table_exact
s065a_0,175,5,demo,,48|49,0x0079E706,0x0579E706,demo.dat,M250_010_P010_POLYDEMO|M260_010_P010_POLYDEMO,0x14720,6,u24_immediate,static_table_ambiguous
s065b,520,1,demo,,1,0x00000001,0x05000001,demo.dat,v020_030_p020,0x81670,9,small_constant,static_table_exact
s074a_0,50,1,demo,,48|49,0x0079E706,0x0579E706,demo.dat,M250_010_P010_POLYDEMO|M260_010_P010_POLYDEMO,0x1024E,6,u24_immediate,static_table_ambiguous
s074a_0,50,2,demo,,48|49,0x0079E706,0x0579E706,demo.dat,M250_010_P010_POLYDEMO|M260_010_P010_POLYDEMO,0x102AF,6,u24_immediate,static_table_ambiguous
s074a_0,50,3,demo,,50,0x0079EB06,0x0579EB06,demo.dat,M260_010_P020_POLYDEMO,0x10300,6,u24_immediate,static_table_exact
s074a_0,50,4,demo,,53,0x0079FF06,0x0579FF06,demo.dat,M260_030_P030_POLYDEMO,0x10357,6,u24_immediate,static_table_exact
s074a_0,50,5,demo,,53,0x0079FF06,0x0579FF06,demo.dat,M260_030_P030_POLYDEMO,0x103B3,6,u24_immediate,static_table_exact
s075a_0,152,1,demo,,54,0x00466D06,0x05466D06,demo.dat,m260_040_p040_polydemo,0x121DE,6,u24_immediate,static_table_exact
s075a_0,152,2,demo,,55,0x00467906,0x05467906,demo.dat,m260_050_p050_polydemo,0x12236,6,u24_immediate,static_table_exact
s081a_0,140,1,demo,,58,0x003D1806,0x053D1806,demo.dat,m270_010_p030,0x12659,6,u24_immediate,static_table_exact
s081a_0,140,2,demo,,59,0x003D3806,0x053D3806,demo.dat,m270_010_p040,0x126CB,6,u24_immediate,static_table_exact
s081a_0,140,3,demo,,57,0x003CF806,0x053CF806,demo.dat,m270_010_p020,0x1273D,6,u24_immediate,static_table_exact
s081a_0,140,4,demo,,56,0x003CD806,0x053CD806,demo.dat,m270_010_p010,0x127A7,6,u24_immediate,static_table_exact
s081a_0,140,5,demo,,60,0x003CDC06,0x053CDC06,demo.dat,m280_010_p010,0x12815,6,u24_immediate,static_table_exact
s091a_0,157,1,demo,,61,0x003CE006,0x053CE006,demo.dat,m290_010_p010,0x12E27,6,u24_immediate,static_table_exact
s092a_0,174,1,demo,,87,0x003DC006,0x053DC006,demo.dat,m410_010_p010,0x137F9,6,u24_immediate,static_table_exact
s092a_0,174,2,demo,,62,0x003CE106,0x053CE106,demo.dat,m295_010_p010,0x13833,6,u24_immediate,static_table_exact
s092a_0,174,3,demo,,63,0x003D0106,0x053D0106,demo.dat,m295_010_p020,0x1386A,6,u24_immediate,static_table_exact
s093a_0,106,1,demo,,51,0x003D3406,0x053D3406,demo.dat,m260_020_p020,0x11CB2,6,u24_immediate,static_table_exact
s093a_0,106,2,demo,,64,0x003D2106,0x053D2106,demo.dat,m295_010_p030,0x11CF8,6,u24_immediate,static_table_exact
s093a_0,106,3,demo,,65,0x003D4106,0x053D4106,demo.dat,m295_010_p040,0x11D2F,6,u24_immediate,static_table_exact
s101a_0,127,1,demo,,39|52,0x003D5406,0x053D5406,demo.dat,M260_020_P030|m160_040_p030,0x163D4,6,u24_immediate,static_table_ambiguous
s101a_0,127,2,demo,,66,0x003D3C06,0x053D3C06,demo.dat,m300_010_p010,0x16450,6,u24_immediate,static_table_exact
s101a_0,127,3,demo,,66,0x003D3C06,0x053D3C06,demo.dat,m300_010_p010,0x16480,6,u24_immediate,static_table_exact
s111a_0,164,1,demo,,67,0x0079F506,0x0579F506,demo.dat,M310_010_P010_POLYDEMO,0x17390,6,u24_immediate,static_table_exact
s111a_0,164,2,demo,,70,0x007A1906,0x057A1906,demo.dat,M310_040_P040_POLYDEMO,0x174A6,6,u24_immediate,static_table_exact
s111a_0,164,3,demo,,71,0x007A2D06,0x057A2D06,demo.dat,M310_060_P050_POLYDEMO,0x175EE,6,u24_immediate,static_table_exact
s112a_0,128,1,demo,,72,0x003D8406,0x053D8406,demo.dat,m320_020_p010,0x12486,6,u24_immediate,static_table_exact
s112a_0,128,2,demo,,73,0x003D4806,0x053D4806,demo.dat,m330_010_p010,0x1251D,6,u24_immediate,static_table_exact
s112a_0,128,3,demo,,74,0x003D6806,0x053D6806,demo.dat,m330_010_p020,0x1257A,6,u24_immediate,static_table_exact
s112a_0,128,4,demo,,29,0x0095A706,0x0595A706,demo.dat,M075_010_P010_DEMO,0x125E1,6,u24_immediate,static_table_exact
s121a_0,150,1,demo,,85,0x007A4506,0x057A4506,demo.dat,M390_070_P080_POLYDEMO,0x184AE,6,u24_immediate,static_table_exact
s121a_0,150,2,demo,,88,0x007A0606,0x057A0606,demo.dat,M440_010_P010_POLYDEMO,0x184F9,6,u24_immediate,static_table_exact
s121a_0,150,3,demo,,88,0x007A0A06,0x057A0A06,demo.dat,M440_010_P020_POLYDEMO,0x1854A,6,u24_immediate,static_table_exact
s121a_0,150,4,demo,,88,0x007A0E06,0x057A0E06,demo.dat,M440_010_P030_POLYDEMO,0x1859B,6,u24_immediate,static_table_exact
s121a_0,150,5,demo,,88,0x007A1206,0x057A1206,demo.dat,M440_010_P040_POLYDEMO,0x185EC,6,u24_immediate,static_table_exact
s121a_0,150,6,demo,,89,0x007A0706,0x057A0706,demo.dat,M450_010_P010_POLYDEMO,0x18654,6,u24_immediate,static_table_exact
s121a_0,150,7,demo,,90,0x007A1306,0x057A1306,demo.dat,M450_020_P020_POLYDEMO,0x186B6,6,u24_immediate,static_table_exact
s121a_0,150,8,demo,,91|112,0x007A2706,0x057A2706,demo.dat,M450_040_P030_POLYDEMO|M625_015_P015_POLYDEMO,0x1871D,6,u24_immediate,static_table_ambiguous
s121a_1,138,1,demo,,69,0x007A0D06,0x057A0D06,demo.dat,M310_030_P030_POLYDEMO,0x12CD6,6,u24_immediate,static_table_exact
s121a_1,138,2,demo,,83,0x009BF606,0x059BF606,demo.dat,M390_050_P060_DEMO,0x12D42,6,u24_immediate,static_table_exact
s121a_1,138,3,demo,,92|93,0x007A0806,0x057A0806,demo.dat,M470_010_P010_POLYDEMO|M480_010_P010_POLYDEMO,0x12DC3,6,u24_immediate,static_table_ambiguous
s121a_1,138,4,demo,,92|93,0x007A0806,0x057A0806,demo.dat,M470_010_P010_POLYDEMO|M480_010_P010_POLYDEMO,0x12E16,6,u24_immediate,static_table_ambiguous
s131a_0,114,1,demo,,75|76,0x0079F706,0x0579F706,demo.dat,M350_010_P010_POLYDEMO|M360_010_P010_POLYDEMO,0x11A48,6,u24_immediate,static_table_ambiguous
s141a_0,111,1,demo,,75|76,0x0079F706,0x0579F706,demo.dat,M350_010_P010_POLYDEMO|M360_010_P010_POLYDEMO,0x11DE0,6,u24_immediate,static_table_ambiguous
s151a_0,123,1,demo,,77,0x0079F806,0x0579F806,demo.dat,M380_010_P010_POLYDEMO,0x1265F,6,u24_immediate,static_table_exact
s152a_0,123,1,demo,,78,0x003D6006,0x053D6006,demo.dat,m390_010_p010,0x16726,6,u24_immediate,static_table_exact
s152a_0,123,2,demo,,79,0x003D8006,0x053D8006,demo.dat,m390_010_p020,0x16770,6,u24_immediate,static_table_exact
s152a_0,123,3,demo,,80,0x003DE006,0x053DE006,demo.dat,m390_020_p030,0x167CA,6,u24_immediate,static_table_exact
s152a_0,123,4,demo,,80,0x003DE006,0x053DE006,demo.dat,m390_020_p030,0x167FA,6,u24_immediate,static_table_exact
s152a_0,123,5,demo,,81,0x003E4006,0x053E4006,demo.dat,m390_030_p040,0x1686C,6,u24_immediate,static_table_exact
s152a_0,123,6,demo,,82,0x003EA006,0x053EA006,demo.dat,m390_040_p050,0x168BC,6,u24_immediate,static_table_exact
s152a_0,123,7,demo,,84,0x003F6006,0x053F6006,demo.dat,m390_060_p070,0x1690C,6,u24_immediate,static_table_exact
s152a_0,123,8,demo,,86,0x00402006,0x05402006,demo.dat,m390_080_p090,0x16957,6,u24_immediate,static_table_exact
s161a_0,108,1,demo,,94,0x007A0C06,0x057A0C06,demo.dat,M480_010_P020_POLYDEMO,0x11A63,6,u24_immediate,static_table_exact
s161a_1,42,1,demo,,95|97,0x007A0906,0x057A0906,demo.dat,M490_010_P010_POLYDEMO|M495_010_P010_POLYDEMO,0xF9B0,6,u24_immediate,static_table_ambiguous
s161a_2,103,1,demo,,96,0x0099F606,0x0599F606,demo.dat,M490_010_P020_DEMO,0x117ED,6,u24_immediate,static_table_exact
s162a_0,107,1,demo,,95|97,0x007A0906,0x057A0906,demo.dat,M490_010_P010_POLYDEMO|M495_010_P010_POLYDEMO,0x119D0,6,u24_immediate,static_table_ambiguous
s163a_0,114,1,demo,,45|68,0x007A0106,0x057A0106,demo.dat,M220_030_P040_POLYDEMO|M310_020_P020_POLYDEMO,0x11B12,6,u24_immediate,static_table_ambiguous
s163a_0,114,2,demo,,98,0x007A1406,0x057A1406,demo.dat,M500_010_P010_POLYDEMO,0x11B69,6,u24_immediate,static_table_exact
s164a_0,36,1,demo,,99|100,0x007A1506,0x057A1506,demo.dat,M510_010_P010_POLYDEMO|M520_010_P010_POLYDEMO,0xF784,6,u24_immediate,static_table_ambiguous
s171a_0,123,1,demo,,99|100,0x007A1506,0x057A1506,demo.dat,M510_010_P010_POLYDEMO|M520_010_P010_POLYDEMO,0x12040,6,u24_immediate,static_table_ambiguous
s171a_0,123,2,demo,,101,0x007A1606,0x057A1606,demo.dat,M540_010_P010_POLYDEMO,0x120A3,6,u24_immediate,static_table_exact
s171b_0,128,1,demo,,102,0x007A1706,0x057A1706,demo.dat,M560_010_P010_POLYDEMO,0x12B71,6,u24_immediate,static_table_exact
s171b_0,128,2,demo,,103,0x007A1806,0x057A1806,demo.dat,M570_010_P010_POLYDEMO,0x12BBC,6,u24_immediate,static_table_exact
s191a_0,128,1,demo,,104,0x003E6006,0x053E6006,demo.dat,m590_010_p010,0x13014,6,u24_immediate,static_table_exact
s191a_0,128,2,demo,,105,0x003F4006,0x053F4006,demo.dat,m590_040_p020,0x1311A,6,u24_immediate,static_table_exact
s191a_0,128,3,demo,,106,0x003E6106,0x053E6106,demo.dat,m598_010_p010,0x1315D,6,u24_immediate,static_table_exact
s191a_0,128,4,demo,,124,0x003EE006,0x053EE006,demo.dat,m690_010_p010,0x131AC,6,u24_immediate,static_table_exact
s192a_0,42,1,demo,,125,0x003F0006,0x053F0006,demo.dat,m690_010_p020,0xFCCB,6,u24_immediate,static_table_exact
s201a,405,1,demo,,3,0x00000003,0x05000003,demo.dat,v020_040_p040,0x758BE,9,small_constant,static_table_exact
s201a_0,142,1,demo,,107,0x007A2406,0x057A2406,demo.dat,M600_010_P010_POLYDEMO,0x11DFB,6,u24_immediate,static_table_exact
s201a_0,142,2,demo,,108,0x007A4806,0x057A4806,demo.dat,M600_050_P020_POLYDEMO,0x11F6F,6,u24_immediate,static_table_exact
s201a_0,142,3,demo,,3,0x00000003,0x05000003,demo.dat,v020_040_p040,0x12797,9,small_constant,static_table_exact
s201a_1,170,1,demo,,3,0x00000003,0x05000003,demo.dat,v020_040_p040,0x130D6,9,small_constant,static_table_exact
s201a_1,170,2,demo,,109|110,0x007A2506,0x057A2506,demo.dat,M615_010_P010_POLYDEMO|M620_010_P010_POLYDEMO,0x1378D,6,u24_immediate,static_table_ambiguous
s201a_1,170,3,demo,,109|110,0x007A2506,0x057A2506,demo.dat,M615_010_P010_POLYDEMO|M620_010_P010_POLYDEMO,0x1394C,6,u24_immediate,static_table_ambiguous
s201a_1,170,4,demo,,91|112,0x007A2706,0x057A2706,demo.dat,M450_040_P030_POLYDEMO|M625_015_P015_POLYDEMO,0x13A53,6,u24_immediate,static_table_ambiguous
s211a_0,47,1,demo,,3,0x00000003,0x05000003,demo.dat,v020_040_p040,0xFCDC,9,small_constant,static_table_exact
s211a_0,47,2,demo,,118,0x003EDC06,0x053EDC06,demo.dat,m680_010_p010,0x1007A,6,u24_immediate,static_table_exact
s211a_1,40,1,demo,,119,0x003EE106,0x053EE106,demo.dat,m680_010_p015,0x14E5A,6,u24_immediate,static_table_exact
s211a_1,40,2,demo,,120,0x003F7C06,0x053F7C06,demo.dat,m680_030_p020,0x14ED5,6,u24_immediate,static_table_exact
s211a_3,114,1,demo,,111,0x003F2406,0x053F2406,demo.dat,m620_020_p020,0x11C53,6,u24_immediate,static_table_exact
s211a_3,114,2,demo,,113,0x003F0806,0x053F0806,demo.dat,m630_020_p010,0x11CD9,6,u24_immediate,static_table_exact
s211a_3,114,3,demo,,114,0x003ECC06,0x053ECC06,demo.dat,m640_010_p010,0x11D7B,6,u24_immediate,static_table_exact
s211a_3,114,4,demo,,115,0x003ED006,0x053ED006,demo.dat,m650_010_p010,0x11DD5,6,u24_immediate,static_table_exact
s211a_3,114,5,demo,,116,0x003ED406,0x053ED406,demo.dat,m660_010_p010,0x11E2F,6,u24_immediate,static_table_exact
s211a_3,114,6,demo,,117,0x003ED806,0x053ED806,demo.dat,m670_010_p010,0x11E91,6,u24_immediate,static_table_exact
s221a_0,52,1,demo,,121,0x003FDC06,0x053FDC06,demo.dat,m680_040_p030,0xF8BB,6,u24_immediate,static_table_exact
s221a_0,52,2,demo,,122,0x00403C06,0x05403C06,demo.dat,m680_050_p040,0xF902,6,u24_immediate,static_table_exact
s221a_0,52,3,demo,,-1,0x00404206,0x05404206,demo.dat,m680_050_p046,0xF987,6,u24_immediate,static_table_exact
s221a_0,52,4,demo,,-1,0x00404406,0x05404406,demo.dat,m680_050_p048,0xFA2F,6,u24_immediate,static_table_exact
s223a_0,41,1,demo,,123,0x00409C06,0x05409C06,demo.dat,m680_060_p050,0xF767,6,u24_immediate,static_table_exact
s223a_0,41,2,demo,,-1,0x00409E06,0x05409E06,demo.dat,m680_060_p052,0xF7E1,6,u24_immediate,static_table_exact
title,99,1,demo,,3,0x00000003,0x05000003,demo.dat,v020_040_p040,0x2AD30,9,small_constant,static_table_exact
title,99,2,demo,,3,0x00000003,0x05000003,demo.dat,v020_040_p040,0x2ADDD,9,small_constant,static_table_exact
title,99,3,demo,,3,0x00000003,0x05000003,demo.dat,v020_040_p040,0x2AE8A,9,small_constant,static_table_exact
title,99,4,demo,,3,0x00000003,0x05000003,demo.dat,v020_040_p040,0x2AF37,9,small_constant,static_table_exact
title,99,5,demo,,3,0x00000003,0x05000003,demo.dat,v020_040_p040,0x2AFE4,9,small_constant,static_table_exact
title,99,6,demo,,3,0x00000003,0x05000003,demo.dat,v020_040_p040,0x2B03A,9,small_constant,static_table_exact
title,99,7,demo,,,0x00CE5E06,0x05CE5E06,demo.dat,,0x2D5E6,6,u24_immediate,static_structural_candidate
title,99,8,demo,,,0x00CE5F06,0x05CE5F06,demo.dat,,0x2D614,6,u24_immediate,static_structural_candidate
title0,9,1,demo,,3,0x00000003,0x05000003,demo.dat,v020_040_p040,0x4AB,9,small_constant,static_table_exact
title0,9,2,demo,,3,0x00000003,0x05000003,demo.dat,v020_040_p040,0x558,9,small_constant,static_table_exact
title0,9,3,demo,,3,0x00000003,0x05000003,demo.dat,v020_040_p040,0x605,9,small_constant,static_table_exact
title0,9,4,demo,,3,0x00000003,0x05000003,demo.dat,v020_040_p040,0x6B2,9,small_constant,static_table_exact
title0,9,5,demo,,3,0x00000003,0x05000003,demo.dat,v020_040_p040,0x75F,9,small_constant,static_table_exact
title0,9,6,demo,,3,0x00000003,0x05000003,demo.dat,v020_040_p040,0x7B5,9,small_constant,static_table_exact
title0,23,1,demo,,,0x00CE5E06,0x05CE5E06,demo.dat,,0x178B,6,u24_immediate,static_structural_candidate
title1,18,1,demo,,,0x00CE5F06,0x05CE5F06,demo.dat,,0x177C,6,u24_immediate,static_structural_candidate
v000a_0,54,1,demo,,0,0x00CBC506,0x05CBC506,demo.dat,v020_010_p011,0xF995,6,u24_immediate,static_table_exact
v000a_0,54,2,demo,,0,0x00CBC406,0x05CBC406,demo.dat,v020_010_p010,0xFA8A,6,u24_immediate,static_table_exact
v000a_1,47,1,demo,,1,0x00CC6406,0x05CC6406,demo.dat,v020_030_p020,0xF620,6,u24_immediate,static_table_exact
v001a,299,1,demo,,3,0x00000003,0x05000003,demo.dat,v020_040_p040,0x755E4,9,small_constant,static_table_exact
v001a,299,2,demo,,3,0x00000003,0x05000003,demo.dat,v020_040_p040,0x75691,9,small_constant,static_table_exact
v001a,299,3,demo,,3,0x00000003,0x05000003,demo.dat,v020_040_p040,0x7573E,9,small_constant,static_table_exact
v001a,299,4,demo,,3,0x00000003,0x05000003,demo.dat,v020_040_p040,0x757EB,9,small_constant,static_table_exact
v001a,299,5,demo,,3,0x00000003,0x05000003,demo.dat,v020_040_p040,0x75898,9,small_constant,static_table_exact
v001a,299,6,demo,,3,0x00000003,0x05000003,demo.dat,v020_040_p040,0x758EE,9,small_constant,static_table_exact
v001a_0,128,1,demo,,3,0x00CCE406,0x05CCE406,demo.dat,v020_040_p040,0x129EC,6,u24_immediate,static_table_exact
v001a_0,128,2,demo,,2,0x00CCC406,0x05CCC406,demo.dat,v020_040_p030,0x12A48,6,u24_immediate,static_table_exact
v001a_0,128,3,demo,,4,0x00CC0806,0x05CC0806,demo.dat,v030_020_p010,0x12B35,6,u24_immediate,static_table_exact
v001a_0,128,4,demo,,5,0x00CC0C06,0x05CC0C06,demo.dat,v040_020_p010,0x12B77,6,u24_immediate,static_table_exact
v001a_0,128,5,demo,,3,0x00000003,0x05000003,demo.dat,v020_040_p040,0x12D38,9,small_constant,static_table_exact
v001a_0,128,6,demo,,3,0x00000003,0x05000003,demo.dat,v020_040_p040,0x12DE5,9,small_constant,static_table_exact
v001a_0,128,7,demo,,3,0x00000003,0x05000003,demo.dat,v020_040_p040,0x12E92,9,small_constant,static_table_exact
v001a_0,128,8,demo,,3,0x00000003,0x05000003,demo.dat,v020_040_p040,0x12F3F,9,small_constant,static_table_exact
v001a_0,128,9,demo,,3,0x00000003,0x05000003,demo.dat,v020_040_p040,0x12FEC,9,small_constant,static_table_exact
v001a_0,128,10,demo,,3,0x00000003,0x05000003,demo.dat,v020_040_p040,0x13042,9,small_constant,static_table_exact
v004a_0,128,1,demo,,6,0x00CBD006,0x05CBD006,demo.dat,v050_010_p010,0x13217,6,u24_immediate,static_table_exact
v004a_0,128,2,demo,,6,0x00CBD006,0x05CBD006,demo.dat,v050_010_p010,0x132A0,6,u24_immediate,static_table_exact
v005a_0,129,1,demo,,12,0x00CBE006,0x05CBE006,demo.dat,v090_010_p010,0x123E8,6,u24_immediate,static_table_exact
v005a_0,129,2,demo,,7,0x00CBD106,0x05CBD106,demo.dat,v055_010_p010,0x124CE,6,u24_immediate,static_table_exact
v005a_1,39,1,demo,,13,0x00CC4006,0x05CC4006,demo.dat,v090_020_p020,0xF8F1,6,u24_immediate,static_table_exact
v005a_2,113,1,demo,,14,0x00CC6006,0x05CC6006,demo.dat,v090_020_p030,0x11AD8,6,u24_immediate,static_table_exact
v006a_0,157,1,demo,,8,0x008BC706,0x058BC706,demo.dat,V060_010_P010_POLYDEMO,0x14BAF,6,u24_immediate,static_table_exact
v006a_0,157,2,demo,,9,0x008BC806,0x058BC806,demo.dat,V080_010_P010_POLYDEMO,0x14C4D,6,u24_immediate,static_table_exact
v006a_0,157,3,demo,,10,0x008BDC06,0x058BDC06,demo.dat,V080_030_P020_POLYDEMO,0x14CC4,6,u24_immediate,static_table_exact
v006a_0,157,4,demo,,11,0x008BF006,0x058BF006,demo.dat,V080_050_P030_POLYDEMO,0x14D71,6,u24_immediate,static_table_exact
v007a_0,146,1,demo,,15,0x00CC3C06,0x05CC3C06,demo.dat,v100_010_p010,0x17A2F,6,u24_immediate,static_table_exact
v007a_0,146,2,demo,,19,0x00CC4806,0x05CC4806,demo.dat,v130_010_p010,0x17A9E,6,u24_immediate,static_table_exact
v007a_0,146,3,demo,,16,0x00CD1C06,0x05CD1C06,demo.dat,v100_040_p020,0x17B07,6,u24_immediate,static_table_exact
v007a_0,146,4,demo,,18,0x00CDDC06,0x05CDDC06,demo.dat,v100_060_p040,0x17B6B,6,u24_immediate,static_table_exact
v008a_0,45,1,demo,,17,0x00CD7C06,0x05CD7C06,demo.dat,v100_050_p030,0xF671,6,u24_immediate,static_table_exact
