glyph,token,physical_slot,cost_if_reused,evidence
잘,8101,0,0,resident_allocation_table
들,8102,1,0,resident_allocation_table
리,8103,2,0,resident_allocation_table
나,8104,3,0,resident_allocation_table
그,8105,4,0,resident_allocation_table
곳,8106,5,0,resident_allocation_table
은,8107,6,0,resident_allocation_table
이,8108,7,0,resident_allocation_table
미,8109,8,0,resident_allocation_table
적,810A,9,0,resident_allocation_table
지,810B,10,0,resident_allocation_table
다,810C,11,0,resident_allocation_table
도,810D,12,0,resident_allocation_table
청,810E,13,0,resident_allocation_table
될,810F,14,0,resident_allocation_table
위,8110,15,0,resident_allocation_table
험,8111,16,0,resident_allocation_table
성,8112,17,0,resident_allocation_table
있,8113,18,0,resident_allocation_table
후,8114,19,0,resident_allocation_table
부,8115,20,0,resident_allocation_table
터,8116,21,0,resident_allocation_table
는,8117,22,0,resident_allocation_table
서,8118,23,0,resident_allocation_table
로,8119,24,0,resident_allocation_table
암,811A,25,0,resident_allocation_table
호,811B,26,0,resident_allocation_table
명,811C,27,0,resident_allocation_table
으,811D,28,0,resident_allocation_table
르,811E,29,0,resident_allocation_table
록,811F,30,0,resident_allocation_table
하,8120,31,0,resident_allocation_table
겠,8121,32,0,resident_allocation_table
번,8122,33,0,resident_allocation_table
임,8123,34,0,resident_allocation_table
무,8124,35,0,resident_allocation_table
의,8125,36,0,resident_allocation_table
코,8126,37,0,resident_allocation_table
드,8127,38,0,resident_allocation_table
네,8128,39,0,resident_allocation_table
키,8129,40,0,resident_allocation_table
스,812A,41,0,resident_allocation_table
크,812B,42,0,resident_allocation_table
라,812C,43,0,resident_allocation_table
본,812D,44,0,resident_allocation_table
입,812E,45,0,resident_allocation_table
밖,812F,46,0,resident_allocation_table
에,8130,47,0,resident_allocation_table
내,8131,48,0,resident_allocation_table
않,8132,49,0,resident_allocation_table
버,8133,50,0,resident_allocation_table
츄,8134,51,0,resident_allocation_table
어,8135,52,0,resident_allocation_table
션,8136,53,0,resident_allocation_table
을,8137,54,0,resident_allocation_table
금,8138,55,0,resident_allocation_table
개,8139,56,0,resident_allocation_table
시,813A,57,0,resident_allocation_table
한,813B,58,0,resident_allocation_table
소,813C,59,0,resident_allocation_table
콜,813D,60,0,resident_allocation_table
프,813E,61,0,resident_allocation_table
가,813F,62,0,resident_allocation_table
데,8140,63,0,resident_allocation_table
려,8141,64,0,resident_allocation_table
간,8142,65,0,resident_allocation_table
자,8143,66,0,resident_allocation_table
세,8144,67,0,resident_allocation_table
히,8145,68,0,resident_allocation_table
말,8146,69,0,resident_allocation_table
해,8147,70,0,resident_allocation_table
봐,8148,71,0,resident_allocation_table
또,8149,72,0,resident_allocation_table
젖,814A,73,0,resident_allocation_table
녀,814B,74,0,resident_allocation_table
석,814C,75,0,resident_allocation_table
익,814D,76,0,resident_allocation_table
숙,814E,77,0,resident_allocation_table
루,814F,78,0,resident_allocation_table
법,8150,79,0,resident_allocation_table
알,8151,80,0,resident_allocation_table
아,8201,81,0,resident_allocation_table
엔,8202,82,0,resident_allocation_table
잡,8203,83,0,resident_allocation_table
았,8204,84,0,resident_allocation_table
와,8205,85,0,resident_allocation_table
함,8206,86,0,resident_allocation_table
께,8207,87,0,resident_allocation_table
날,8208,88,0,resident_allocation_table
거,8209,89,0,resident_allocation_table
야,820A,90,0,resident_allocation_table
좋,820B,91,0,resident_allocation_table
계,820C,92,0,resident_allocation_table
획,820D,93,0,resident_allocation_table
군,820E,94,0,resident_allocation_table
기,820F,95,0,resident_allocation_table
수,8210,96,0,resident_allocation_table
를,8211,97,0,resident_allocation_table
올,8212,98,0,resident_allocation_table
왜,8213,99,0,resident_allocation_table
니,8214,100,0,resident_allocation_table
령,8215,101,0,resident_allocation_table
렇,8216,102,0,resident_allocation_table
바,8217,103,0,resident_allocation_table
응,8218,104,0,resident_allocation_table
뭐,8219,105,0,resident_allocation_table
고,821A,106,0,resident_allocation_table
만,821B,107,0,resident_allocation_table
째,821C,108,0,resident_allocation_table
정,821D,109,0,resident_allocation_table
러,821E,110,0,resident_allocation_table
맙,821F,111,0,resident_allocation_table
보,8220,112,0,resident_allocation_table
디,8221,113,0,resident_allocation_table
믿,8222,114,0,resident_allocation_table
못,8223,115,0,resident_allocation_table
더,8224,116,0,resident_allocation_table
슨,8225,117,0,resident_allocation_table
뜻,8226,118,0,resident_allocation_table
일,8227,119,0,resident_allocation_table
래,8228,120,0,resident_allocation_table
왔,8229,121,0,resident_allocation_table
요,822A,122,0,resident_allocation_table
건,822B,123,0,resident_allocation_table
난,822C,124,0,resident_allocation_table
싶,822D,125,0,resident_allocation_table
둔,822E,126,0,resident_allocation_table
습,822F,127,0,resident_allocation_table
됐,8230,128,0,resident_allocation_table
런,8231,129,0,resident_allocation_table
짓,8232,130,0,resident_allocation_table
면,8233,131,0,resident_allocation_table
심,8234,132,0,resident_allocation_table
조,8235,133,0,resident_allocation_table
게,8236,134,0,resident_allocation_table
떻,8237,135,0,resident_allocation_table
물,8238,136,0,resident_allocation_table
인,8239,137,0,resident_allocation_table
별,823A,138,0,resident_allocation_table
저,823B,139,0,resident_allocation_table
편,823C,140,0,resident_allocation_table
봤,823D,141,0,resident_allocation_table
떠,823E,142,0,resident_allocation_table
같,823F,143,0,resident_allocation_table
되,8240,144,0,resident_allocation_table
특,8241,145,0,resident_allocation_table
분,8242,146,0,resident_allocation_table
포,8243,147,0,resident_allocation_table
듣,8244,148,0,resident_allocation_table
묻,8245,149,0,resident_allocation_table
벗,8246,150,0,resident_allocation_table
럴,8247,151,0,resident_allocation_table
안,8248,152,0,resident_allocation_table
상,8249,153,0,resident_allocation_table
태,824A,154,0,resident_allocation_table
머,824B,155,0,resident_allocation_table
줄,824C,156,0,resident_allocation_table
윽,824D,157,0,resident_allocation_table
것,824E,158,0,resident_allocation_table
죽,824F,159,0,resident_allocation_table
마,8250,160,0,resident_allocation_table
설,8251,161,0,resident_allocation_table
음,8252,162,0,resident_allocation_table
왠,8253,163,0,resident_allocation_table
할,8254,164,0,resident_allocation_table
돌,8302,166,0,resident_allocation_table
행,8303,167,0,resident_allocation_table
숲,8304,168,0,resident_allocation_table
대,8305,169,0,resident_allocation_table
절,8306,170,0,resident_allocation_table
우,8307,171,0,resident_allocation_table
제,8308,172,0,resident_allocation_table
여,8309,173,0,resident_allocation_table
때,830A,174,0,resident_allocation_table
까,830B,175,0,resident_allocation_table
필,830C,176,0,resident_allocation_table
근,830D,177,0,resident_allocation_table
깝,830E,178,0,resident_allocation_table
브,830F,179,0,resident_allocation_table
톰,8310,180,0,resident_allocation_table
사,8311,181,0,resident_allocation_table
었,8312,182,0,resident_allocation_table
둘,8313,183,0,resident_allocation_table
점,8314,184,0,resident_allocation_table
유,8315,185,0,resident_allocation_table
람,8316,186,0,resident_allocation_table
문,8317,187,0,resident_allocation_table
원,8318,188,0,resident_allocation_table
랬,8319,189,0,resident_allocation_table
없,831A,190,0,resident_allocation_table
방,831B,191,0,resident_allocation_table
