media,record,scene,translation_rows,used_hangul,common_glyphs,common_glyph_count,new_glyphs,new_glyph_count,glyph_add_bytes,existing_local_slots,existing_dead_slots,newly_freed_slots,glyph_reclaim_bytes,donor_reclaim_bytes,string_reclaim_bytes,appended_glyph_count,appended_glyph_bytes,string_delta_bytes,string_increase_bytes,text_overflow_bytes,internal_slack_bytes,record_growth_bytes,final_headroom,overflow_bytes,row_ids,confidence,scene_pad_budget,scene_total_growth,scene_final_headroom,scene_overflow_bytes
demo,0,2,6,간기난는다데들려면못무방보서성송시어없오완이일임입잘잠전큰확,간기난는다데들려면못무방보서성시어없이일임입잘,23,송오완잠전큰확,7,448,0,0,0,0,0,147,7,448,-147,0,0,0,448,0,0,demo:2:2669172|demo:2:2669336|demo:2:2669792|demo:2:2670184|demo:2:2670600|demo:2:2670904,confirmed_binary_and_builder_logic,1798,1152,646,0
demo,1,2,0,,,0,,0,0,0,0,0,0,0,0,0,0,0,0,0,0,0,0,0,,confirmed_binary_and_builder_logic,1798,1152,646,0
demo,2,2,3,격경국까나낙넘다대로버보산은적지충틴하,까나다대로버보은적지하,11,격경국낙넘산충틴,8,512,0,0,0,0,0,87,8,512,-87,0,0,0,512,0,0,demo:2:5282592|demo:2:5282968|demo:2:5283268,confirmed_binary_and_builder_logic,1798,1152,646,0
demo,3,2,1,녁다엔온저전,다엔저,3,녁온전,3,192,0,0,0,0,0,9,3,192,-9,0,0,0,192,0,0,demo:2:6088416,confirmed_binary_and_builder_logic,1798,1152,646,0
demo,4,2,0,,,0,,0,0,0,0,0,0,0,0,0,0,0,0,0,0,0,0,0,,confirmed_binary_and_builder_logic,1798,1152,646,0
demo,5,6,0,,,0,,0,0,0,0,0,0,0,0,0,0,0,0,0,0,0,0,0,,confirmed_binary_and_builder_logic,1638,0,1638,0
demo,6,7,0,,,0,,0,0,0,0,0,0,0,0,0,0,0,0,0,0,0,0,0,,confirmed_binary_and_builder_logic,422,0,422,0
demo,7,9,0,,,0,,0,0,0,0,0,0,0,0,0,0,0,0,0,0,0,0,0,,confirmed_binary_and_builder_logic,1894,0,1894,0
demo,8,10,2,가난너다당데러려로막머신왔요원을의이장철,가난다데러려로머왔요원을의이,14,너당막신장철,6,384,0,0,0,0,0,29,6,384,-29,0,0,0,384,0,0,demo:10:17222276|demo:10:17222632,confirmed_binary_and_builder_logic,534,640,0,106
demo,9,10,1,고찬칭하,고하,2,찬칭,2,128,0,0,0,0,0,3,2,128,-3,0,0,0,128,0,0,demo:10:18715640,confirmed_binary_and_builder_logic,534,640,0,106
demo,10,10,2,군는듣름음이처,군는듣음이,5,름처,2,128,0,0,0,0,0,0,2,128,0,0,0,0,128,0,0,demo:10:19637924|demo:10:19638116,confirmed_binary_and_builder_logic,534,640,0,106
demo,11,11,0,,,0,,0,0,0,0,0,0,0,0,0,0,0,0,0,0,0,0,0,,confirmed_binary_and_builder_logic,1302,0,1302,0
demo,12,11,0,,,0,,0,0,0,0,0,0,0,0,0,0,0,0,0,0,0,0,0,,confirmed_binary_and_builder_logic,1302,0,1302,0
demo,13,11,0,,,0,,0,0,0,0,0,0,0,0,0,0,0,0,0,0,0,0,0,,confirmed_binary_and_builder_logic,1302,0,1302,0
demo,14,12,1,것는다로리소우이콜프,것는다로리소우이콜프,10,,0,0,0,0,0,0,0,0,0,0,7,7,7,0,0,0,7,demo:12:22975180,confirmed_binary_and_builder_logic,1669,128,1541,0
demo,15,12,1,기꺼서여이제져,기서여이제,5,꺼져,2,128,0,0,0,0,0,3,2,128,-3,0,0,0,128,0,0,demo:12:31740236,confirmed_binary_and_builder_logic,1669,128,1541,0
demo,16,12,0,,,0,,0,0,0,0,0,0,0,0,0,0,0,0,0,0,0,0,0,,confirmed_binary_and_builder_logic,1669,128,1541,0
demo,17,12,0,,,0,,0,0,0,0,0,0,0,0,0,0,0,0,0,0,0,0,0,,confirmed_binary_and_builder_logic,1669,128,1541,0
demo,18,12,0,,,0,,0,0,0,0,0,0,0,0,0,0,0,0,0,0,0,0,0,,confirmed_binary_and_builder_logic,1669,128,1541,0
demo,19,13,0,,,0,,0,0,0,0,0,0,0,0,0,0,0,0,0,0,0,0,0,,confirmed_binary_and_builder_logic,150,512,0,362
demo,20,13,2,그래봐,그래봐,3,,0,0,0,0,0,0,0,4,0,0,-4,0,0,0,0,0,0,demo:13:50942544|demo:13:50943988,confirmed_binary_and_builder_logic,150,512,0,362
demo,21,13,5,가게그끝돼면성손에완,가게그면성에,6,끝돼손완,4,256,0,0,0,0,0,112,4,256,-112,0,0,0,256,0,0,demo:13:52282852|demo:13:52283084|demo:13:52284100|demo:13:52284456|demo:13:52284744,confirmed_binary_and_builder_logic,150,512,0,362
demo,22,13,6,가고그기대래럼로발방법보시싫싶어없었와제죽,가고그기대래로방법보시싶어없었와제죽,18,럼발싫,3,192,0,0,0,0,0,105,3,192,-105,1,0,0,192,0,0,demo:13:53378220|demo:13:53378532|demo:13:53379036|demo:13:53379248|demo:13:53379580|demo:13:53379900,confirmed_binary_and_builder_logic,150,512,0,362
demo,23,13,1,나못성없완인해,나못성없인해,6,완,1,64,0,0,0,0,0,22,1,64,-22,0,0,0,64,0,0,demo:13:54391500,confirmed_binary_and_builder_logic,150,512,0,362
demo,24,14,2,다동라북알았이쪽,다라알았이,5,동북쪽,3,192,0,0,0,0,0,3,3,192,-3,0,0,0,192,0,0,demo:14:55185364|demo:14:55185740,confirmed_binary_and_builder_logic,726,192,534,0
demo,25,15,0,,,0,,0,0,0,0,0,0,0,0,0,0,0,0,0,0,0,0,0,,confirmed_binary_and_builder_logic,549,0,549,0
demo,26,15,0,,,0,,0,0,0,0,0,0,0,0,0,0,0,0,0,0,0,0,0,,confirmed_binary_and_builder_logic,549,0,549,0
demo,27,15,0,,,0,,0,0,0,0,0,0,0,0,0,0,0,0,0,0,0,0,0,,confirmed_binary_and_builder_logic,549,0,549,0
demo,28,15,0,,,0,,0,0,0,0,0,0,0,0,0,0,0,0,0,0,0,0,0,,confirmed_binary_and_builder_logic,549,0,549,0
demo,29,15,0,,,0,,0,0,0,0,0,0,0,0,0,0,0,0,0,0,0,0,0,,confirmed_binary_and_builder_logic,549,0,549,0
demo,30,17,0,,,0,,0,0,0,0,0,0,0,0,0,0,0,0,0,0,0,0,0,,confirmed_binary_and_builder_logic,726,0,726,0
demo,31,18,2,가괜군내데려물은이지찮포획,가군내데려물은이지포획,11,괜찮,2,128,0,0,0,0,0,1,2,128,-1,0,0,0,128,0,0,demo:18:80849540|demo:18:80849704,confirmed_binary_and_builder_logic,1350,512,838,0
demo,32,18,2,가게그두렇르마서스씨아음의인죽지키,가게그렇르마서스아음의인죽지키,15,두씨,2,128,0,0,0,0,0,0,2,128,6,6,4,0,128,0,4,demo:18:86384468|demo:18:86384660,confirmed_binary_and_builder_logic,1350,512,838,0
demo,33,18,2,가거건국기내는니다당를리만망명미방쇠아야우의인자줄지하해,가거건기내는니다를리만명미방아야우의인자줄지하해,24,국당망쇠,4,256,0,0,0,0,0,16,4,256,-16,0,0,0,256,0,0,demo:18:89151948|demo:18:89152260,confirmed_binary_and_builder_logic,1350,512,838,0
demo,34,20,0,,,0,,0,0,0,0,0,0,0,0,0,0,0,0,0,0,0,0,0,,confirmed_binary_and_builder_logic,54,0,54,0
demo,35,21,0,,,0,,0,0,0,0,0,0,0,0,0,0,0,0,0,0,0,0,0,,confirmed_binary_and_builder_logic,86,0,86,0
demo,36,21,0,,,0,,0,0,0,0,0,0,0,0,0,0,0,0,0,0,0,0,0,,confirmed_binary_and_builder_logic,86,0,86,0
demo,37,21,0,,,0,,0,0,0,0,0,0,0,0,0,0,0,0,0,0,0,0,0,,confirmed_binary_and_builder_logic,86,0,86,0
demo,38,22,1,게그다야,게그다야,4,,0,0,0,0,0,0,0,0,0,0,0,0,0,0,0,0,0,demo:22:96099236,confirmed_binary_and_builder_logic,134,0,134,0
demo,39,22,0,,,0,,0,0,0,0,0,0,0,0,0,0,0,0,0,0,0,0,0,,confirmed_binary_and_builder_logic,134,0,134,0
demo,40,22,0,,,0,,0,0,0,0,0,0,0,0,0,0,0,0,0,0,0,0,0,,confirmed_binary_and_builder_logic,134,0,134,0
demo,41,24,7,가기냐는닌다도돌때리무부아앞없엔와왔왜을이임있잖제죽지하,가기는다도돌때리무부아없엔와왔왜을이임있제죽지하,24,냐닌앞잖,4,256,0,0,0,0,0,117,4,256,-117,0,0,0,256,0,0,demo:24:103268132|demo:24:103268476|demo:24:103268816|demo:24:103269184|demo:24:103269560|demo:24:103270016|demo:24:103270144,confirmed_binary_and_builder_logic,549,256,293,0
demo,42,24,0,,,0,,0,0,0,0,0,0,0,0,0,0,0,0,0,0,0,0,0,,confirmed_binary_and_builder_logic,549,256,293,0
demo,43,24,0,,,0,,0,0,0,0,0,0,0,0,0,0,0,0,0,0,0,0,0,,confirmed_binary_and_builder_logic,549,256,293,0
demo,44,24,0,,,0,,0,0,0,0,0,0,0,0,0,0,0,0,0,0,0,0,0,,confirmed_binary_and_builder_logic,549,256,293,0
demo,45,24,1,가돌아,가돌아,3,,0,0,0,0,0,0,0,6,0,0,-6,0,0,0,0,0,0,demo:24:112550088,confirmed_binary_and_builder_logic,549,256,293,0
demo,46,25,5,가고구냐누답대를말못아암어오은좋지해했호,가고대를말못아암어은좋지해호,14,구냐누답오했,6,384,0,0,0,0,0,20,6,384,-20,0,0,0,384,0,0,demo:25:114043204|demo:25:114043408|demo:25:114043636|demo:25:114043848|demo:25:114044060,confirmed_binary_and_builder_logic,1718,448,1270,0
demo,47,25,1,드려엎,드려,2,엎,1,64,0,0,0,0,0,2,1,64,-2,0,0,0,64,0,0,demo:25:115650468,confirmed_binary_and_builder_logic,1718,448,1270,0
demo,48,26,0,,,0,,0,0,0,0,0,0,0,0,0,0,0,0,0,0,0,0,0,,confirmed_binary_and_builder_logic,1813,1344,469,0
demo,49,26,3,명미일,명미일,3,,0,0,0,0,0,0,0,1,0,0,-1,1,0,0,0,0,0,demo:26:119730576|demo:26:119731924|demo:26:119732096,confirmed_binary_and_builder_logic,1813,1344,469,0
demo,50,26,5,고국권그눕동래렸로반버상수쓸야어었옆용으을이인잡적제중지총평해혀,고그래로버상수야어었으을이인잡적제지해,19,국권눕동렸반쓸옆용중총평혀,13,832,0,0,0,0,0,33,13,832,-33,1,0,0,832,0,0,demo:26:120765532|demo:26:120765748|demo:26:120766180|demo:26:120766936|demo:26:120767052,confirmed_binary_and_builder_logic,1813,1344,469,0
demo,51,26,4,가걱건것게경구국그기네도들래마미선야여인정제조줄지차하힘,가건것게그기네도들래마미야여인정제조줄지하,21,걱경구국선차힘,7,448,0,0,0,0,0,35,7,448,-35,3,1,0,448,0,1,demo:26:121556256|demo:26:121556576|demo:26:121556780|demo:26:121557080,confirmed_binary_and_builder_logic,1813,1344,469,0
demo,52,26,0,,,0,,0,0,0,0,0,0,0,0,0,0,0,0,0,0,0,0,0,,confirmed_binary_and_builder_logic,1813,1344,469,0
demo,53,26,0,,,0,,0,0,0,0,0,0,0,0,0,0,0,0,0,0,0,0,0,,confirmed_binary_and_builder_logic,1813,1344,469,0
demo,54,26,0,,,0,,0,0,0,0,0,0,0,0,0,0,0,0,0,0,0,0,0,,confirmed_binary_and_builder_logic,1813,1344,469,0
demo,55,26,0,,,0,,0,0,0,0,0,0,0,0,0,0,0,0,0,0,0,0,0,,confirmed_binary_and_builder_logic,1813,1344,469,0
demo,56,26,0,,,0,,0,0,0,0,0,0,0,0,0,0,0,0,0,0,0,0,0,,confirmed_binary_and_builder_logic,1813,1344,469,0
demo,57,26,1,니아,니아,2,,0,0,0,0,0,0,0,1,0,0,-1,0,0,0,0,0,0,demo:26:127796064,confirmed_binary_and_builder_logic,1813,1344,469,0
demo,58,26,0,,,0,,0,0,0,0,0,0,0,0,0,0,0,0,0,0,0,0,0,,confirmed_binary_and_builder_logic,1813,1344,469,0
demo,59,26,1,말무슨이지,말무슨이지,5,,0,0,0,0,0,0,0,2,0,0,-2,0,0,0,0,0,0,demo:26:130226784,confirmed_binary_and_builder_logic,1813,1344,469,0
demo,60,26,0,,,0,,0,0,0,0,0,0,0,0,0,0,0,0,0,0,0,0,0,,confirmed_binary_and_builder_logic,1813,1344,469,0
demo,61,26,1,군그기는니듣래런서아얘은이좋,군그기는니듣래런서아은이좋,13,얘,1,64,0,0,0,0,0,0,1,64,8,8,5,0,64,0,5,demo:26:132671564,confirmed_binary_and_builder_logic,1813,1344,469,0
demo,62,28,0,,,0,,0,0,0,0,0,0,0,0,0,0,0,0,0,0,0,0,0,,confirmed_binary_and_builder_logic,1190,576,614,0
demo,63,28,0,,,0,,0,0,0,0,0,0,0,0,0,0,0,0,0,0,0,0,0,,confirmed_binary_and_builder_logic,1190,576,614,0
demo,64,28,2,가건고그는들밖발안어에이,가건고그는들밖안어에이,11,발,1,64,0,0,0,0,0,13,1,64,-13,0,0,0,64,0,0,demo:28:138412880|demo:28:138413084,confirmed_binary_and_builder_logic,1190,576,614,0
demo,65,28,4,감건고급기남니든라람로를만무물사수쏘아알야으은이장젠지탄해,건고기니라람로를만무물사수아알야으은이지해,21,감급남든쏘장젠탄,8,512,0,0,0,0,0,35,8,512,-35,0,0,0,512,0,0,demo:28:141255116|demo:28:141255388|demo:28:141255676|demo:28:141255832,confirmed_binary_and_builder_logic,1190,576,614,0
demo,66,28,0,,,0,,0,0,0,0,0,0,0,0,0,0,0,0,0,0,0,0,0,,confirmed_binary_and_builder_logic,1190,576,614,0
demo,67,29,0,,,0,,0,0,0,0,0,0,0,0,0,0,0,0,0,0,0,0,0,,confirmed_binary_and_builder_logic,1942,0,1942,0
demo,68,29,0,,,0,,0,0,0,0,0,0,0,0,0,0,0,0,0,0,0,0,0,,confirmed_binary_and_builder_logic,1942,0,1942,0
demo,69,30,0,,,0,,0,0,0,0,0,0,0,0,0,0,0,0,0,0,0,0,0,,confirmed_binary_and_builder_logic,262,0,262,0
demo,70,31,0,,,0,,0,0,0,0,0,0,0,0,0,0,0,0,0,0,0,0,0,,confirmed_binary_and_builder_logic,646,0,646,0
demo,71,32,0,,,0,,0,0,0,0,0,0,0,0,0,0,0,0,0,0,0,0,0,,confirmed_binary_and_builder_logic,502,0,502,0
demo,72,35,0,,,0,,0,0,0,0,0,0,0,0,0,0,0,0,0,0,0,0,0,,confirmed_binary_and_builder_logic,1989,0,1989,0
demo,73,35,0,,,0,,0,0,0,0,0,0,0,0,0,0,0,0,0,0,0,0,0,,confirmed_binary_and_builder_logic,1989,0,1989,0
demo,74,35,0,,,0,,0,0,0,0,0,0,0,0,0,0,0,0,0,0,0,0,0,,confirmed_binary_and_builder_logic,1989,0,1989,0
demo,75,35,0,,,0,,0,0,0,0,0,0,0,0,0,0,0,0,0,0,0,0,0,,confirmed_binary_and_builder_logic,1989,0,1989,0
demo,76,35,0,,,0,,0,0,0,0,0,0,0,0,0,0,0,0,0,0,0,0,0,,confirmed_binary_and_builder_logic,1989,0,1989,0
demo,77,36,0,,,0,,0,0,0,0,0,0,0,0,0,0,0,0,0,0,0,0,0,,confirmed_binary_and_builder_logic,117,896,0,779
demo,78,36,0,,,0,,0,0,0,0,0,0,0,0,0,0,0,0,0,0,0,0,0,,confirmed_binary_and_builder_logic,117,896,0,779
demo,79,36,0,,,0,,0,0,0,0,0,0,0,0,0,0,0,0,0,0,0,0,0,,confirmed_binary_and_builder_logic,117,896,0,779
demo,80,36,0,,,0,,0,0,0,0,0,0,0,0,0,0,0,0,0,0,0,0,0,,confirmed_binary_and_builder_logic,117,896,0,779
demo,81,36,0,,,0,,0,0,0,0,0,0,0,0,0,0,0,0,0,0,0,0,0,,confirmed_binary_and_builder_logic,117,896,0,779
demo,82,36,0,,,0,,0,0,0,0,0,0,0,0,0,0,0,0,0,0,0,0,0,,confirmed_binary_and_builder_logic,117,896,0,779
demo,83,36,1,뭐,뭐,1,,0,0,0,0,0,0,0,2,0,0,-2,0,0,0,0,0,0,demo:36:189412316,confirmed_binary_and_builder_logic,117,896,0,779
demo,84,36,1,말야,말야,2,,0,0,0,0,0,0,0,1,0,0,-1,0,0,0,0,0,0,demo:36:190448824,confirmed_binary_and_builder_logic,117,896,0,779
demo,85,36,8,가걷걸게는다두든듯디람로른리만맞명발봐사어없엔요이지필하해혁,가게는다디람로리만명봐사어없엔요이지필하해,21,걷걸두든듯른맞발혁,9,576,0,0,0,0,0,90,9,576,-90,3,3,0,576,0,3,demo:36:191389316|demo:36:191389544|demo:36:191389724|demo:36:191390156|demo:36:191390400|demo:36:191390736|demo:36:191391140|demo:36:191391312,confirmed_binary_and_builder_logic,117,896,0,779
demo,86,36,3,갔게그끝내놈는도어에윗은쪽,게그내는도어에은,8,갔끝놈윗쪽,5,320,0,0,0,0,0,62,5,320,-62,0,0,0,320,0,0,demo:36:192331432|demo:36:192331864|demo:36:192332172,confirmed_binary_and_builder_logic,117,896,0,779
demo,87,37,3,각갈겠공그나난니더드라락로미불새생아야에요은의즈지쳤,겠그나난니더드라로미아야에요은의지,17,각갈공락불새생즈쳤,9,576,0,0,0,0,0,27,9,576,-27,0,0,0,576,0,0,demo:37:192924372|demo:37:192924488|demo:37:192924828,confirmed_binary_and_builder_logic,1318,576,742,0
demo,88,37,0,,,0,,0,0,0,0,0,0,0,0,0,0,0,0,0,0,0,0,0,,confirmed_binary_and_builder_logic,1318,576,742,0
demo,89,37,0,,,0,,0,0,0,0,0,0,0,0,0,0,0,0,0,0,0,0,0,,confirmed_binary_and_builder_logic,1318,576,742,0
demo,90,38,0,,,0,,0,0,0,0,0,0,0,0,0,0,0,0,0,0,0,0,0,,confirmed_binary_and_builder_logic,1766,0,1766,0
demo,91,38,0,,,0,,0,0,0,0,0,0,0,0,0,0,0,0,0,0,0,0,0,,confirmed_binary_and_builder_logic,1766,0,1766,0
demo,92,39,0,,,0,,0,0,0,0,0,0,0,0,0,0,0,0,0,0,0,0,0,,confirmed_binary_and_builder_logic,1206,0,1206,0
demo,93,39,0,,,0,,0,0,0,0,0,0,0,0,0,0,0,0,0,0,0,0,0,,confirmed_binary_and_builder_logic,1206,0,1206,0
demo,94,40,0,,,0,,0,0,0,0,0,0,0,0,0,0,0,0,0,0,0,0,0,,confirmed_binary_and_builder_logic,86,0,86,0
demo,95,40,0,,,0,,0,0,0,0,0,0,0,0,0,0,0,0,0,0,0,0,0,,confirmed_binary_and_builder_logic,86,0,86,0
demo,96,41,0,,,0,,0,0,0,0,0,0,0,0,0,0,0,0,0,0,0,0,0,,confirmed_binary_and_builder_logic,534,0,534,0
demo,97,42,0,,,0,,0,0,0,0,0,0,0,0,0,0,0,0,0,0,0,0,0,,confirmed_binary_and_builder_logic,1094,0,1094,0
demo,98,43,0,,,0,,0,0,0,0,0,0,0,0,0,0,0,0,0,0,0,0,0,,confirmed_binary_and_builder_logic,262,0,262,0
demo,99,43,0,,,0,,0,0,0,0,0,0,0,0,0,0,0,0,0,0,0,0,0,,confirmed_binary_and_builder_logic,262,0,262,0
demo,100,44,2,괜난두때못문아어에역을잠잤찮할,난때못문아어에을할,9,괜두역잠잤찮,6,384,0,0,0,0,0,48,6,384,-48,0,0,0,384,0,0,demo:44:213232468|demo:44:213232816,confirmed_binary_and_builder_logic,1062,896,166,0
demo,101,44,0,,,0,,0,0,0,0,0,0,0,0,0,0,0,0,0,0,0,0,0,,confirmed_binary_and_builder_logic,1062,896,166,0
demo,102,44,2,고려말싶안알어정줘,고려말싶안알어정,8,줘,1,64,0,0,0,0,0,13,1,64,-13,0,0,0,64,0,0,demo:44:215996064|demo:44:215996388,confirmed_binary_and_builder_logic,1062,896,166,0
demo,103,44,2,고대두력령르면모병서않어으을이있지,고대령르면서않어으을이있지,13,두력모병,4,256,0,0,0,0,0,43,4,256,-43,0,0,0,256,0,0,demo:44:216903180|demo:44:216903576,confirmed_binary_and_builder_logic,1062,896,166,0
demo,104,44,4,가거경다더로면문비세안야요이지질필하해,가거다더로면문세안야요이지필하해,16,경비질,3,192,0,0,0,0,0,100,3,192,-100,0,0,0,192,0,0,demo:44:217646532|demo:44:217646868|demo:44:217647096|demo:44:217647416,confirmed_binary_and_builder_logic,1062,896,166,0
demo,105,44,0,,,0,,0,0,0,0,0,0,0,0,0,0,0,0,0,0,0,0,0,,confirmed_binary_and_builder_logic,1062,896,166,0
demo,106,45,2,괜난두때못문아어에역을잠잤찮할,난때못문아어에을할,9,괜두역잠잤찮,6,384,0,0,0,0,0,48,6,384,-48,0,0,0,384,0,0,demo:45:220070656|demo:45:220070956,confirmed_binary_and_builder_logic,1494,896,598,0
demo,107,45,0,,,0,,0,0,0,0,0,0,0,0,0,0,0,0,0,0,0,0,0,,confirmed_binary_and_builder_logic,1494,896,598,0
demo,108,45,2,고려말싶안알어정줘,고려말싶안알어정,8,줘,1,64,0,0,0,0,0,13,1,64,-13,0,0,0,64,0,0,demo:45:222834424|demo:45:222834708,confirmed_binary_and_builder_logic,1494,896,598,0
demo,109,45,2,고대두력령르면모병서않어으을이있지,고대령르면서않어으을이있지,13,두력모병,4,256,0,0,0,0,0,43,4,256,-43,0,0,0,256,0,0,demo:45:223742012|demo:45:223742248,confirmed_binary_and_builder_logic,1494,896,598,0
demo,110,45,4,가거경다더로면문비세안야요이지질필하해,가거다더로면문세안야요이지필하해,16,경비질,3,192,0,0,0,0,0,100,3,192,-100,0,0,0,192,0,0,demo:45:224559068|demo:45:224559328|demo:45:224559608|demo:45:224560036,confirmed_binary_and_builder_logic,1494,896,598,0
demo,111,45,0,,,0,,0,0,0,0,0,0,0,0,0,0,0,0,0,0,0,0,0,,confirmed_binary_and_builder_logic,1494,896,598,0
demo,112,46,0,,,0,,0,0,0,0,0,0,0,0,0,0,0,0,0,0,0,0,0,,confirmed_binary_and_builder_logic,1206,0,1206,0
demo,113,47,0,,,0,,0,0,0,0,0,0,0,0,0,0,0,0,0,0,0,0,0,,confirmed_binary_and_builder_logic,1286,128,1158,0
demo,114,47,0,,,0,,0,0,0,0,0,0,0,0,0,0,0,0,0,0,0,0,0,,confirmed_binary_and_builder_logic,1286,128,1158,0
demo,115,47,3,그봐사이인진척해,그봐사이인해,6,진척,2,128,0,0,0,0,0,43,2,128,-43,0,0,0,128,0,0,demo:47:228516636|demo:47:228516848|demo:47:228517104,confirmed_binary_and_builder_logic,1286,128,1158,0
demo,116,47,0,,,0,,0,0,0,0,0,0,0,0,0,0,0,0,0,0,0,0,0,,confirmed_binary_and_builder_logic,1286,128,1158,0
demo,117,48,1,다알았,다알았,3,,0,0,0,0,0,0,0,5,0,0,-5,0,0,0,0,0,0,demo:48:229169604,confirmed_binary_and_builder_logic,1798,0,1798,0
demo,118,49,0,,,0,,0,0,0,0,0,0,0,0,0,0,0,0,0,0,0,0,0,,confirmed_binary_and_builder_logic,5,192,0,187
demo,119,49,0,,,0,,0,0,0,0,0,0,0,0,0,0,0,0,0,0,0,0,0,,confirmed_binary_and_builder_logic,5,192,0,187
demo,120,49,0,,,0,,0,0,0,0,0,0,0,0,0,0,0,0,0,0,0,0,0,,confirmed_binary_and_builder_logic,5,192,0,187
demo,121,49,0,,,0,,0,0,0,0,0,0,0,0,0,0,0,0,0,0,0,0,0,,confirmed_binary_and_builder_logic,5,192,0,187
demo,122,49,1,구그누럼지,그지,2,구누럼,3,192,0,0,0,0,0,0,3,192,3,3,1,0,192,0,1,demo:49:237326980,confirmed_binary_and_builder_logic,5,192,0,187
demo,123,49,1,군는잘하,군는잘하,4,,0,0,0,0,0,0,0,1,0,0,-1,0,0,0,0,0,0,demo:49:239394732,confirmed_binary_and_builder_logic,5,192,0,187
demo,124,49,0,,,0,,0,0,0,0,0,0,0,0,0,0,0,0,0,0,0,0,0,,confirmed_binary_and_builder_logic,5,192,0,187
demo,125,49,0,,,0,,0,0,0,0,0,0,0,0,0,0,0,0,0,0,0,0,0,,confirmed_binary_and_builder_logic,5,192,0,187
demo,126,50,0,,,0,,0,0,0,0,0,0,0,0,0,0,0,0,0,0,0,0,0,,confirmed_binary_and_builder_logic,1302,0,1302,0
demo,127,50,0,,,0,,0,0,0,0,0,0,0,0,0,0,0,0,0,0,0,0,0,,confirmed_binary_and_builder_logic,1302,0,1302,0
demo,128,51,0,,,0,,0,0,0,0,0,0,0,0,0,0,0,0,0,0,0,0,0,,confirmed_binary_and_builder_logic,454,0,454,0
demo,129,51,0,,,0,,0,0,0,0,0,0,0,0,0,0,0,0,0,0,0,0,0,,confirmed_binary_and_builder_logic,454,0,454,0
demo,130,52,0,,,0,,0,0,0,0,0,0,0,0,0,0,0,0,0,0,0,0,0,,confirmed_binary_and_builder_logic,1542,0,1542,0
demo,131,52,0,,,0,,0,0,0,0,0,0,0,0,0,0,0,0,0,0,0,0,0,,confirmed_binary_and_builder_logic,1542,0,1542,0
demo,132,53,0,,,0,,0,0,0,0,0,0,0,0,0,0,0,0,0,0,0,0,0,,confirmed_binary_and_builder_logic,1574,0,1574,0
demo,133,53,0,,,0,,0,0,0,0,0,0,0,0,0,0,0,0,0,0,0,0,0,,confirmed_binary_and_builder_logic,1574,0,1574,0
demo,134,54,0,,,0,,0,0,0,0,0,0,0,0,0,0,0,0,0,0,0,0,0,,confirmed_binary_and_builder_logic,2022,0,2022,0
demo,135,54,0,,,0,,0,0,0,0,0,0,0,0,0,0,0,0,0,0,0,0,0,,confirmed_binary_and_builder_logic,2022,0,2022,0
demo,136,56,0,,,0,,0,0,0,0,0,0,0,0,0,0,0,0,0,0,0,0,0,,confirmed_binary_and_builder_logic,822,0,822,0
demo,137,57,0,,,0,,0,0,0,0,0,0,0,0,0,0,0,0,0,0,0,0,0,,confirmed_binary_and_builder_logic,838,0,838,0
demo,138,58,0,,,0,,0,0,0,0,0,0,0,0,0,0,0,0,0,0,0,0,0,,confirmed_binary_and_builder_logic,406,0,406,0
demo,139,59,0,,,0,,0,0,0,0,0,0,0,0,0,0,0,0,0,0,0,0,0,,confirmed_binary_and_builder_logic,582,0,582,0
demo,140,60,0,,,0,,0,0,0,0,0,0,0,0,0,0,0,0,0,0,0,0,0,,confirmed_binary_and_builder_logic,1942,256,1686,0
demo,141,60,1,나너늦무었,나무었,3,너늦,2,128,0,0,0,0,0,0,2,128,3,3,1,0,128,0,1,demo:60:274338304,confirmed_binary_and_builder_logic,1942,256,1686,0
demo,142,60,2,가고드마샤설정해호확,가고드마설정해호,8,샤확,2,128,0,0,0,0,0,13,2,128,-13,0,0,0,128,0,0,demo:60:276413872|demo:60:276414148,confirmed_binary_and_builder_logic,1942,256,1686,0
demo,143,61,0,,,0,,0,0,0,0,0,0,0,0,0,0,0,0,0,0,0,0,0,,confirmed_binary_and_builder_logic,86,192,0,106
demo,144,61,2,게떻못싣아어에은잖지했,게떻못아어에은지,8,싣잖했,3,192,0,0,0,0,0,39,3,192,-39,0,0,0,192,0,0,demo:61:277863332|demo:61:277863584,confirmed_binary_and_builder_logic,86,192,0,106
demo,145,61,0,,,0,,0,0,0,0,0,0,0,0,0,0,0,0,0,0,0,0,0,,confirmed_binary_and_builder_logic,86,192,0,106
demo,146,61,0,,,0,,0,0,0,0,0,0,0,0,0,0,0,0,0,0,0,0,0,,confirmed_binary_and_builder_logic,86,192,0,106
demo,147,61,0,,,0,,0,0,0,0,0,0,0,0,0,0,0,0,0,0,0,0,0,,confirmed_binary_and_builder_logic,86,192,0,106
demo,148,61,0,,,0,,0,0,0,0,0,0,0,0,0,0,0,0,0,0,0,0,0,,confirmed_binary_and_builder_logic,86,192,0,106
demo,149,62,0,,,0,,0,0,0,0,0,0,0,0,0,0,0,0,0,0,0,0,0,,confirmed_binary_and_builder_logic,646,0,646,0
demo,150,62,0,,,0,,0,0,0,0,0,0,0,0,0,0,0,0,0,0,0,0,0,,confirmed_binary_and_builder_logic,646,0,646,0
demo,151,62,0,,,0,,0,0,0,0,0,0,0,0,0,0,0,0,0,0,0,0,0,,confirmed_binary_and_builder_logic,646,0,646,0
demo,152,62,0,,,0,,0,0,0,0,0,0,0,0,0,0,0,0,0,0,0,0,0,,confirmed_binary_and_builder_logic,646,0,646,0
demo,153,62,0,,,0,,0,0,0,0,0,0,0,0,0,0,0,0,0,0,0,0,0,,confirmed_binary_and_builder_logic,646,0,646,0
demo,154,63,5,각건괴기난는데돼득뜻를면무문산생설슨시아야양어에와이있전제직체파하회,건기난는데뜻를면무문설슨시아야어에와이있제하,22,각괴돼득산생양전직체파회,12,768,0,0,0,0,0,79,12,768,-79,0,0,0,768,0,0,demo:63:282261892|demo:63:282262340|demo:63:282262568|demo:63:282262936|demo:63:282263288,confirmed_binary_and_builder_logic,1478,768,710,0
demo,155,63,1,겠알어,겠알어,3,,0,0,0,0,0,0,0,3,0,0,-3,0,0,0,0,0,0,demo:63:282841680,confirmed_binary_and_builder_logic,1478,768,710,0
demo,156,63,1,음,음,1,,0,0,0,0,0,0,0,0,0,0,0,0,0,0,0,0,0,demo:63:283583048,confirmed_binary_and_builder_logic,1478,768,710,0
demo,157,63,1,,,0,,0,0,0,0,0,0,0,4,0,0,-4,0,0,0,0,0,0,demo:63:284356800,confirmed_binary_and_builder_logic,1478,768,710,0
demo,158,63,0,,,0,,0,0,0,0,0,0,0,0,0,0,0,0,0,0,0,0,0,,confirmed_binary_and_builder_logic,1478,768,710,0
demo,159,63,1,령소,령소,2,,0,0,0,0,0,0,0,2,0,0,-2,0,0,0,0,0,0,demo:63:286404224,confirmed_binary_and_builder_logic,1478,768,710,0
demo,160,63,0,,,0,,0,0,0,0,0,0,0,0,0,0,0,0,0,0,0,0,0,,confirmed_binary_and_builder_logic,1478,768,710,0
demo,161,63,0,,,0,,0,0,0,0,0,0,0,0,0,0,0,0,0,0,0,0,0,,confirmed_binary_and_builder_logic,1478,768,710,0
demo,162,63,0,,,0,,0,0,0,0,0,0,0,0,0,0,0,0,0,0,0,0,0,,confirmed_binary_and_builder_logic,1478,768,710,0
demo,163,64,0,,,0,,0,0,0,0,0,0,0,0,0,0,0,0,0,0,0,0,0,,confirmed_binary_and_builder_logic,677,0,677,0
demo,164,64,0,,,0,,0,0,0,0,0,0,0,0,0,0,0,0,0,0,0,0,0,,confirmed_binary_and_builder_logic,677,0,677,0
demo,165,64,0,,,0,,0,0,0,0,0,0,0,0,0,0,0,0,0,0,0,0,0,,confirmed_binary_and_builder_logic,677,0,677,0
demo,166,65,0,,,0,,0,0,0,0,0,0,0,0,0,0,0,0,0,0,0,0,0,,confirmed_binary_and_builder_logic,1462,0,1462,0
demo,167,66,0,,,0,,0,0,0,0,0,0,0,0,0,0,0,0,0,0,0,0,0,,confirmed_binary_and_builder_logic,757,0,757,0
demo,168,66,0,,,0,,0,0,0,0,0,0,0,0,0,0,0,0,0,0,0,0,0,,confirmed_binary_and_builder_logic,757,0,757,0
demo,169,66,0,,,0,,0,0,0,0,0,0,0,0,0,0,0,0,0,0,0,0,0,,confirmed_binary_and_builder_logic,757,0,757,0
demo,170,66,0,,,0,,0,0,0,0,0,0,0,0,0,0,0,0,0,0,0,0,0,,confirmed_binary_and_builder_logic,757,0,757,0
demo,171,66,0,,,0,,0,0,0,0,0,0,0,0,0,0,0,0,0,0,0,0,0,,confirmed_binary_and_builder_logic,757,0,757,0
demo,172,66,0,,,0,,0,0,0,0,0,0,0,0,0,0,0,0,0,0,0,0,0,,confirmed_binary_and_builder_logic,757,0,757,0
demo,173,66,0,,,0,,0,0,0,0,0,0,0,0,0,0,0,0,0,0,0,0,0,,confirmed_binary_and_builder_logic,757,0,757,0
demo,174,66,0,,,0,,0,0,0,0,0,0,0,0,0,0,0,0,0,0,0,0,0,,confirmed_binary_and_builder_logic,757,0,757,0
demo,175,66,0,,,0,,0,0,0,0,0,0,0,0,0,0,0,0,0,0,0,0,0,,confirmed_binary_and_builder_logic,757,0,757,0
demo,176,66,0,,,0,,0,0,0,0,0,0,0,0,0,0,0,0,0,0,0,0,0,,confirmed_binary_and_builder_logic,757,0,757,0
demo,177,66,0,,,0,,0,0,0,0,0,0,0,0,0,0,0,0,0,0,0,0,0,,confirmed_binary_and_builder_logic,757,0,757,0
demo,178,67,0,,,0,,0,0,0,0,0,0,0,0,0,0,0,0,0,0,0,0,0,,confirmed_binary_and_builder_logic,1270,0,1270,0
demo,179,67,0,,,0,,0,0,0,0,0,0,0,0,0,0,0,0,0,0,0,0,0,,confirmed_binary_and_builder_logic,1270,0,1270,0
demo,180,67,0,,,0,,0,0,0,0,0,0,0,0,0,0,0,0,0,0,0,0,0,,confirmed_binary_and_builder_logic,1270,0,1270,0
demo,181,67,0,,,0,,0,0,0,0,0,0,0,0,0,0,0,0,0,0,0,0,0,,confirmed_binary_and_builder_logic,1270,0,1270,0
demo,182,67,0,,,0,,0,0,0,0,0,0,0,0,0,0,0,0,0,0,0,0,0,,confirmed_binary_and_builder_logic,1270,0,1270,0
demo,183,68,0,,,0,,0,0,0,0,0,0,0,0,0,0,0,0,0,0,0,0,0,,confirmed_binary_and_builder_logic,1910,0,1910,0
demo,184,68,0,,,0,,0,0,0,0,0,0,0,0,0,0,0,0,0,0,0,0,0,,confirmed_binary_and_builder_logic,1910,0,1910,0
demo,185,68,0,,,0,,0,0,0,0,0,0,0,0,0,0,0,0,0,0,0,0,0,,confirmed_binary_and_builder_logic,1910,0,1910,0
demo,186,68,0,,,0,,0,0,0,0,0,0,0,0,0,0,0,0,0,0,0,0,0,,confirmed_binary_and_builder_logic,1910,0,1910,0
demo,187,69,0,,,0,,0,0,0,0,0,0,0,0,0,0,0,0,0,0,0,0,0,,confirmed_binary_and_builder_logic,1094,0,1094,0
demo,188,70,0,,,0,,0,0,0,0,0,0,0,0,0,0,0,0,0,0,0,0,0,,confirmed_binary_and_builder_logic,838,0,838,0
demo,189,70,0,,,0,,0,0,0,0,0,0,0,0,0,0,0,0,0,0,0,0,0,,confirmed_binary_and_builder_logic,838,0,838,0
demo,190,71,0,,,0,,0,0,0,0,0,0,0,0,0,0,0,0,0,0,0,0,0,,confirmed_binary_and_builder_logic,790,0,790,0
demo,191,71,0,,,0,,0,0,0,0,0,0,0,0,0,0,0,0,0,0,0,0,0,,confirmed_binary_and_builder_logic,790,0,790,0
demo,192,72,0,,,0,,0,0,0,0,0,0,0,0,0,0,0,0,0,0,0,0,0,,confirmed_binary_and_builder_logic,1430,0,1430,0
demo,193,73,0,,,0,,0,0,0,0,0,0,0,0,0,0,0,0,0,0,0,0,0,,confirmed_binary_and_builder_logic,1686,0,1686,0
demo,194,74,4,가기깐딱뭔아어여와있잠주해,가기아어여와있해,8,깐딱뭔잠주,5,320,0,0,0,0,0,27,5,320,-27,0,0,0,320,0,0,demo:74:381612500|demo:74:381612680|demo:74:381612892|demo:74:381613080,confirmed_binary_and_builder_logic,1654,384,1270,0
demo,195,74,0,,,0,,0,0,0,0,0,0,0,0,0,0,0,0,0,0,0,0,0,,confirmed_binary_and_builder_logic,1654,384,1270,0
demo,196,74,2,가감게떻알았어여의인자줄,가게떻알았어여의인자줄,11,감,1,64,0,0,0,0,0,57,1,64,-57,0,0,0,64,0,0,demo:74:385694764|demo:74:385695052,confirmed_binary_and_builder_logic,1654,384,1270,0
demo,197,75,4,날들럼려만면방서수약어와을이있점처토폭하,날들려만면방서수어와을이있점하,15,럼약처토폭,5,320,0,0,0,0,0,98,5,320,-98,0,0,0,320,0,0,demo:75:386798880|demo:75:386799252|demo:75:386799588|demo:75:386799784,confirmed_binary_and_builder_logic,694,320,374,0
demo,198,75,1,말봐해,말봐해,3,,0,0,0,0,0,0,0,9,0,0,-9,0,0,0,0,0,0,demo:75:387676288,confirmed_binary_and_builder_logic,694,320,374,0
demo,199,76,1,거그는되럼를면야크탱파폭하,거그는되를면야크하,9,럼탱파폭,4,256,0,0,0,0,0,0,4,256,1,1,0,0,256,0,0,demo:76:388569436,confirmed_binary_and_builder_logic,710,768,0,58
demo,200,76,0,,,0,,0,0,0,0,0,0,0,0,0,0,0,0,0,0,0,0,0,,confirmed_binary_and_builder_logic,710,768,0,58
demo,201,76,1,경그돼렇배병비아않어이있직진치,그렇아않어이있,7,경돼배병비직진치,8,512,0,0,0,0,0,10,8,512,-10,0,0,0,512,0,0,demo:76:389314756,confirmed_binary_and_builder_logic,710,768,0,58
demo,202,76,1,것겠군도요좋,것겠군도요좋,6,,0,0,0,0,0,0,0,6,0,0,-6,0,0,0,0,0,0,demo:76:389764956,confirmed_binary_and_builder_logic,710,768,0,58
demo,203,77,4,가거그기끝널는도돕래로모쓸억없엔지해,가거그기는도래로없엔지해,12,끝널돕모쓸억,6,384,0,0,0,0,0,87,6,384,-87,0,0,0,384,0,0,demo:77:389999648|demo:77:390000000|demo:77:390000348|demo:77:390000512,confirmed_binary_and_builder_logic,1462,512,950,0
demo,204,77,1,남서쪽,서,1,남쪽,2,128,0,0,0,0,0,38,2,128,-38,0,0,0,128,0,0,demo:77:390804100,confirmed_binary_and_builder_logic,1462,512,950,0
demo,205,78,0,,,0,,0,0,0,0,0,0,0,0,0,0,0,0,0,0,0,0,0,,confirmed_binary_and_builder_logic,102,0,102,0
demo,206,79,0,,,0,,0,0,0,0,0,0,0,0,0,0,0,0,0,0,0,0,0,,confirmed_binary_and_builder_logic,2006,256,1750,0
demo,207,79,2,그는다래로론를리메물어요이칼트하,그는다래로를리물어요이하,12,론메칼트,4,256,0,0,0,0,0,24,4,256,-24,0,0,0,256,0,0,demo:79:391880732|demo:79:391881060,confirmed_binary_and_builder_logic,2006,256,1750,0
demo,208,79,0,,,0,,0,0,0,0,0,0,0,0,0,0,0,0,0,0,0,0,0,,confirmed_binary_and_builder_logic,2006,256,1750,0
demo,209,79,0,,,0,,0,0,0,0,0,0,0,0,0,0,0,0,0,0,0,0,0,,confirmed_binary_and_builder_logic,2006,256,1750,0
demo,210,79,0,,,0,,0,0,0,0,0,0,0,0,0,0,0,0,0,0,0,0,0,,confirmed_binary_and_builder_logic,2006,256,1750,0
demo,211,79,0,,,0,,0,0,0,0,0,0,0,0,0,0,0,0,0,0,0,0,0,,confirmed_binary_and_builder_logic,2006,256,1750,0
demo,212,81,0,,,0,,0,0,0,0,0,0,0,0,0,0,0,0,0,0,0,0,0,,confirmed_binary_and_builder_logic,438,0,438,0
demo,213,82,0,,,0,,0,0,0,0,0,0,0,0,0,0,0,0,0,0,0,0,0,,confirmed_binary_and_builder_logic,1942,0,1942,0
demo,214,82,0,,,0,,0,0,0,0,0,0,0,0,0,0,0,0,0,0,0,0,0,,confirmed_binary_and_builder_logic,1942,0,1942,0
demo,215,82,0,,,0,,0,0,0,0,0,0,0,0,0,0,0,0,0,0,0,0,0,,confirmed_binary_and_builder_logic,1942,0,1942,0
demo,216,82,0,,,0,,0,0,0,0,0,0,0,0,0,0,0,0,0,0,0,0,0,,confirmed_binary_and_builder_logic,1942,0,1942,0
demo,217,83,0,,,0,,0,0,0,0,0,0,0,0,0,0,0,0,0,0,0,0,0,,confirmed_binary_and_builder_logic,1013,0,1013,0
demo,218,83,0,,,0,,0,0,0,0,0,0,0,0,0,0,0,0,0,0,0,0,0,,confirmed_binary_and_builder_logic,1013,0,1013,0
demo,219,83,0,,,0,,0,0,0,0,0,0,0,0,0,0,0,0,0,0,0,0,0,,confirmed_binary_and_builder_logic,1013,0,1013,0
demo,220,83,0,,,0,,0,0,0,0,0,0,0,0,0,0,0,0,0,0,0,0,0,,confirmed_binary_and_builder_logic,1013,0,1013,0
demo,221,84,0,,,0,,0,0,0,0,0,0,0,0,0,0,0,0,0,0,0,0,0,,confirmed_binary_and_builder_logic,790,0,790,0
demo,222,84,0,,,0,,0,0,0,0,0,0,0,0,0,0,0,0,0,0,0,0,0,,confirmed_binary_and_builder_logic,790,0,790,0
demo,223,84,0,,,0,,0,0,0,0,0,0,0,0,0,0,0,0,0,0,0,0,0,,confirmed_binary_and_builder_logic,790,0,790,0
demo,224,85,0,,,0,,0,0,0,0,0,0,0,0,0,0,0,0,0,0,0,0,0,,confirmed_binary_and_builder_logic,278,0,278,0
demo,225,86,0,,,0,,0,0,0,0,0,0,0,0,0,0,0,0,0,0,0,0,0,,confirmed_binary_and_builder_logic,1094,64,1030,0
demo,226,86,0,,,0,,0,0,0,0,0,0,0,0,0,0,0,0,0,0,0,0,0,,confirmed_binary_and_builder_logic,1094,64,1030,0
demo,227,86,0,,,0,,0,0,0,0,0,0,0,0,0,0,0,0,0,0,0,0,0,,confirmed_binary_and_builder_logic,1094,64,1030,0
demo,228,86,1,놈,,0,놈,1,64,0,0,0,0,0,1,1,64,-1,0,0,0,64,0,0,demo:86:445290960,confirmed_binary_and_builder_logic,1094,64,1030,0
demo,229,87,0,,,0,,0,0,0,0,0,0,0,0,0,0,0,0,0,0,0,0,0,,confirmed_binary_and_builder_logic,1782,320,1462,0
demo,230,87,2,가건기나너다됐리비앙야어에을있준중지편해,가건기나다됐리야어에을있지편해,15,너비앙준중,5,320,0,0,0,0,0,46,5,320,-46,0,0,0,320,0,0,demo:87:448777220|demo:87:448777588,confirmed_binary_and_builder_logic,1782,320,1462,0
demo,231,89,0,,,0,,0,0,0,0,0,0,0,0,0,0,0,0,0,0,0,0,0,,confirmed_binary_and_builder_logic,1254,0,1254,0
demo,232,90,0,,,0,,0,0,0,0,0,0,0,0,0,0,0,0,0,0,0,0,0,,confirmed_binary_and_builder_logic,1558,0,1558,0
demo,233,91,0,,,0,,0,0,0,0,0,0,0,0,0,0,0,0,0,0,0,0,0,,confirmed_binary_and_builder_logic,166,0,166,0
demo,234,93,4,건게겨그나내널단래맡믿싸어움은이있조하,건게그나내래믿어은이있조하,13,겨널단맡싸움,6,384,0,0,0,0,0,16,6,384,-16,0,0,0,384,0,0,demo:93:478066232|demo:93:478066356|demo:93:478066552|demo:93:478067252,confirmed_binary_and_builder_logic,486,384,102,0
demo,235,93,1,가자,가자,2,,0,0,0,0,0,0,0,7,0,0,-7,0,0,0,0,0,0,demo:93:483963988,confirmed_binary_and_builder_logic,486,384,102,0
demo,236,94,2,냐뭐,뭐,1,냐,1,64,0,0,0,0,0,2,1,64,-2,0,0,0,64,0,0,demo:94:485074704|demo:94:485074964,confirmed_binary_and_builder_logic,614,64,550,0
demo,237,95,0,,,0,,0,0,0,0,0,0,0,0,0,0,0,0,0,0,0,0,0,,confirmed_binary_and_builder_logic,614,0,614,0
demo,238,96,3,가길당어장제젠했,가어제,3,길당장젠했,5,320,0,0,0,0,0,8,5,320,-8,0,0,0,320,0,0,demo:96:499360000|demo:96:499360208|demo:96:499360352,confirmed_binary_and_builder_logic,709,704,5,0
demo,239,96,5,가괜기나난다려서아야여자줘찮해,가기나난다려서아야여자해,12,괜줘찮,3,192,0,0,0,0,0,44,3,192,-44,1,0,0,192,0,0,demo:96:504183928|demo:96:504184356|demo:96:504184512|demo:96:504185036|demo:96:504185256,confirmed_binary_and_builder_logic,709,704,5,0
demo,240,96,5,가군네뜻무믿수슨야없요을응이필해,가군네뜻무믿수슨야없요을응이필해,16,,0,0,0,0,0,0,0,13,0,0,-13,1,1,0,0,0,1,demo:96:505670272|demo:96:505670404|demo:96:505670900|demo:96:505671496|demo:96:505671660,confirmed_binary_and_builder_logic,709,704,5,0
demo,241,96,2,가네몰못선아요자필해혼,가네못아요자필해,8,몰선혼,3,192,0,0,0,0,0,10,3,192,-10,1,1,0,192,0,1,demo:96:506710408|demo:96:506710648,confirmed_binary_and_builder_logic,709,704,5,0
demo,242,97,0,,,0,,0,0,0,0,0,0,0,0,0,0,0,0,0,0,0,0,0,,confirmed_binary_and_builder_logic,1814,0,1814,0
demo,243,101,0,,,0,,0,0,0,0,0,0,0,0,0,0,0,0,0,0,0,0,0,,confirmed_binary_and_builder_logic,1269,0,1269,0
demo,244,101,0,,,0,,0,0,0,0,0,0,0,0,0,0,0,0,0,0,0,0,0,,confirmed_binary_and_builder_logic,1269,0,1269,0
demo,245,101,0,,,0,,0,0,0,0,0,0,0,0,0,0,0,0,0,0,0,0,0,,confirmed_binary_and_builder_logic,1269,0,1269,0
demo,246,101,0,,,0,,0,0,0,0,0,0,0,0,0,0,0,0,0,0,0,0,0,,confirmed_binary_and_builder_logic,1269,0,1269,0
demo,247,101,0,,,0,,0,0,0,0,0,0,0,0,0,0,0,0,0,0,0,0,0,,confirmed_binary_and_builder_logic,1269,0,1269,0
demo,248,101,0,,,0,,0,0,0,0,0,0,0,0,0,0,0,0,0,0,0,0,0,,confirmed_binary_and_builder_logic,1269,0,1269,0
demo,249,101,0,,,0,,0,0,0,0,0,0,0,0,0,0,0,0,0,0,0,0,0,,confirmed_binary_and_builder_logic,1269,0,1269,0
demo,250,101,0,,,0,,0,0,0,0,0,0,0,0,0,0,0,0,0,0,0,0,0,,confirmed_binary_and_builder_logic,1269,0,1269,0
demo,251,102,0,,,0,,0,0,0,0,0,0,0,0,0,0,0,0,0,0,0,0,0,,confirmed_binary_and_builder_logic,1030,0,1030,0
demo,252,102,0,,,0,,0,0,0,0,0,0,0,0,0,0,0,0,0,0,0,0,0,,confirmed_binary_and_builder_logic,1030,0,1030,0
demo,253,102,0,,,0,,0,0,0,0,0,0,0,0,0,0,0,0,0,0,0,0,0,,confirmed_binary_and_builder_logic,1030,0,1030,0
demo,254,102,0,,,0,,0,0,0,0,0,0,0,0,0,0,0,0,0,0,0,0,0,,confirmed_binary_and_builder_logic,1030,0,1030,0
demo,255,102,0,,,0,,0,0,0,0,0,0,0,0,0,0,0,0,0,0,0,0,0,,confirmed_binary_and_builder_logic,1030,0,1030,0
demo,256,103,0,,,0,,0,0,0,0,0,0,0,0,0,0,0,0,0,0,0,0,0,,confirmed_binary_and_builder_logic,742,0,742,0
demo,257,104,0,,,0,,0,0,0,0,0,0,0,0,0,0,0,0,0,0,0,0,0,,confirmed_binary_and_builder_logic,758,0,758,0
demo,258,104,0,,,0,,0,0,0,0,0,0,0,0,0,0,0,0,0,0,0,0,0,,confirmed_binary_and_builder_logic,758,0,758,0
demo,259,105,2,,,0,,0,0,0,0,0,0,0,0,0,0,0,0,0,0,0,0,0,demo:105:533693500|demo:105:533693624,confirmed_binary_and_builder_logic,293,0,293,0
demo,260,105,0,,,0,,0,0,0,0,0,0,0,0,0,0,0,0,0,0,0,0,0,,confirmed_binary_and_builder_logic,293,0,293,0
demo,261,105,0,,,0,,0,0,0,0,0,0,0,0,0,0,0,0,0,0,0,0,0,,confirmed_binary_and_builder_logic,293,0,293,0
demo,262,108,0,,,0,,0,0,0,0,0,0,0,0,0,0,0,0,0,0,0,0,0,,confirmed_binary_and_builder_logic,326,0,326,0
demo,263,109,0,,,0,,0,0,0,0,0,0,0,0,0,0,0,0,0,0,0,0,0,,confirmed_binary_and_builder_logic,934,0,934,0
demo,264,110,0,,,0,,0,0,0,0,0,0,0,0,0,0,0,0,0,0,0,0,0,,confirmed_binary_and_builder_logic,326,0,326,0
demo,265,111,0,,,0,,0,0,0,0,0,0,0,0,0,0,0,0,0,0,0,0,0,,confirmed_binary_and_builder_logic,1382,0,1382,0
demo,266,112,0,,,0,,0,0,0,0,0,0,0,0,0,0,0,0,0,0,0,0,0,,confirmed_binary_and_builder_logic,790,0,790,0
demo,267,113,4,거격고는다당데돌돼따려목못무안왔의장정추표해,거고는다데돌려못무안왔의정해,14,격당돼따목장추표,8,512,0,0,0,0,0,77,8,512,-77,0,0,0,512,0,0,demo:113:584224788|demo:113:584225136|demo:113:584225356|demo:113:584225580,confirmed_binary_and_builder_logic,198,640,0,442
demo,268,113,2,락뭐온,뭐,1,락온,2,128,0,0,0,0,0,7,2,128,-7,0,0,0,128,0,0,demo:113:588492648|demo:113:588493024,confirmed_binary_and_builder_logic,198,640,0,442
demo,269,113,0,,,0,,0,0,0,0,0,0,0,0,0,0,0,0,0,0,0,0,0,,confirmed_binary_and_builder_logic,198,640,0,442
demo,270,115,1,거로야어이제쩔,거로야어이제,6,쩔,1,64,0,0,0,0,0,30,1,64,-30,0,0,0,64,0,0,demo:115:595652052,confirmed_binary_and_builder_logic,278,256,22,0
demo,271,115,5,것구그누니도들말면아안어이젠,것그니도들말면아안어이,11,구누젠,3,192,0,0,0,0,0,53,3,192,-53,0,0,0,192,0,0,demo:115:596950340|demo:115:596950624|demo:115:596950820|demo:115:596951144|demo:115:596951344,confirmed_binary_and_builder_logic,278,256,22,0
demo,272,116,0,,,0,,0,0,0,0,0,0,0,0,0,0,0,0,0,0,0,0,0,,confirmed_binary_and_builder_logic,1398,0,1398,0
demo,273,116,0,,,0,,0,0,0,0,0,0,0,0,0,0,0,0,0,0,0,0,0,,confirmed_binary_and_builder_logic,1398,0,1398,0
demo,274,117,0,,,0,,0,0,0,0,0,0,0,0,0,0,0,0,0,0,0,0,0,,confirmed_binary_and_builder_logic,1222,0,1222,0
demo,275,117,0,,,0,,0,0,0,0,0,0,0,0,0,0,0,0,0,0,0,0,0,,confirmed_binary_and_builder_logic,1222,0,1222,0
demo,276,117,0,,,0,,0,0,0,0,0,0,0,0,0,0,0,0,0,0,0,0,0,,confirmed_binary_and_builder_logic,1222,0,1222,0
demo,277,118,0,,,0,,0,0,0,0,0,0,0,0,0,0,0,0,0,0,0,0,0,,confirmed_binary_and_builder_logic,966,0,966,0
demo,278,119,0,,,0,,0,0,0,0,0,0,0,0,0,0,0,0,0,0,0,0,0,,confirmed_binary_and_builder_logic,1206,0,1206,0
demo,279,119,0,,,0,,0,0,0,0,0,0,0,0,0,0,0,0,0,0,0,0,0,,confirmed_binary_and_builder_logic,1206,0,1206,0
demo,280,120,0,,,0,,0,0,0,0,0,0,0,0,0,0,0,0,0,0,0,0,0,,confirmed_binary_and_builder_logic,1654,0,1654,0
demo,281,120,0,,,0,,0,0,0,0,0,0,0,0,0,0,0,0,0,0,0,0,0,,confirmed_binary_and_builder_logic,1654,0,1654,0
demo,282,120,0,,,0,,0,0,0,0,0,0,0,0,0,0,0,0,0,0,0,0,0,,confirmed_binary_and_builder_logic,1654,0,1654,0
demo,283,120,0,,,0,,0,0,0,0,0,0,0,0,0,0,0,0,0,0,0,0,0,,confirmed_binary_and_builder_logic,1654,0,1654,0
demo,284,120,0,,,0,,0,0,0,0,0,0,0,0,0,0,0,0,0,0,0,0,0,,confirmed_binary_and_builder_logic,1654,0,1654,0
demo,285,120,0,,,0,,0,0,0,0,0,0,0,0,0,0,0,0,0,0,0,0,0,,confirmed_binary_and_builder_logic,1654,0,1654,0
demo,286,120,0,,,0,,0,0,0,0,0,0,0,0,0,0,0,0,0,0,0,0,0,,confirmed_binary_and_builder_logic,1654,0,1654,0
demo,287,127,2,나는됐비자준,나는됐자,4,비준,2,128,0,0,0,0,0,9,2,128,-9,0,0,0,128,0,0,demo:127:638620436|demo:127:638620608,confirmed_binary_and_builder_logic,1974,896,1078,0
demo,288,127,2,고과구기름목시압야양에역재정중지체표현,고기시야에정지,7,과구름목압양역재중체표현,12,768,0,0,0,0,0,18,12,768,-18,0,0,0,768,0,0,demo:127:641609656|demo:127:641609924,confirmed_binary_and_builder_logic,1974,896,1078,0
demo,289,127,0,,,0,,0,0,0,0,0,0,0,0,0,0,0,0,0,0,0,0,0,,confirmed_binary_and_builder_logic,1974,896,1078,0
demo,290,127,0,,,0,,0,0,0,0,0,0,0,0,0,0,0,0,0,0,0,0,0,,confirmed_binary_and_builder_logic,1974,896,1078,0
demo,291,127,0,,,0,,0,0,0,0,0,0,0,0,0,0,0,0,0,0,0,0,0,,confirmed_binary_and_builder_logic,1974,896,1078,0
demo,292,127,0,,,0,,0,0,0,0,0,0,0,0,0,0,0,0,0,0,0,0,0,,confirmed_binary_and_builder_logic,1974,896,1078,0
demo,293,127,0,,,0,,0,0,0,0,0,0,0,0,0,0,0,0,0,0,0,0,0,,confirmed_binary_and_builder_logic,1974,896,1078,0
demo,294,127,0,,,0,,0,0,0,0,0,0,0,0,0,0,0,0,0,0,0,0,0,,confirmed_binary_and_builder_logic,1974,896,1078,0
demo,295,127,0,,,0,,0,0,0,0,0,0,0,0,0,0,0,0,0,0,0,0,0,,confirmed_binary_and_builder_logic,1974,896,1078,0
demo,296,127,0,,,0,,0,0,0,0,0,0,0,0,0,0,0,0,0,0,0,0,0,,confirmed_binary_and_builder_logic,1974,896,1078,0
demo,297,128,0,,,0,,0,0,0,0,0,0,0,0,0,0,0,0,0,0,0,0,0,,confirmed_binary_and_builder_logic,1205,0,1205,0
demo,298,128,0,,,0,,0,0,0,0,0,0,0,0,0,0,0,0,0,0,0,0,0,,confirmed_binary_and_builder_logic,1205,0,1205,0
demo,299,128,0,,,0,,0,0,0,0,0,0,0,0,0,0,0,0,0,0,0,0,0,,confirmed_binary_and_builder_logic,1205,0,1205,0
demo,300,128,0,,,0,,0,0,0,0,0,0,0,0,0,0,0,0,0,0,0,0,0,,confirmed_binary_and_builder_logic,1205,0,1205,0
demo,301,128,0,,,0,,0,0,0,0,0,0,0,0,0,0,0,0,0,0,0,0,0,,confirmed_binary_and_builder_logic,1205,0,1205,0
demo,302,128,0,,,0,,0,0,0,0,0,0,0,0,0,0,0,0,0,0,0,0,0,,confirmed_binary_and_builder_logic,1205,0,1205,0
demo,303,128,0,,,0,,0,0,0,0,0,0,0,0,0,0,0,0,0,0,0,0,0,,confirmed_binary_and_builder_logic,1205,0,1205,0
demo,304,128,0,,,0,,0,0,0,0,0,0,0,0,0,0,0,0,0,0,0,0,0,,confirmed_binary_and_builder_logic,1205,0,1205,0
demo,305,128,0,,,0,,0,0,0,0,0,0,0,0,0,0,0,0,0,0,0,0,0,,confirmed_binary_and_builder_logic,1205,0,1205,0
demo,306,128,0,,,0,,0,0,0,0,0,0,0,0,0,0,0,0,0,0,0,0,0,,confirmed_binary_and_builder_logic,1205,0,1205,0
demo,307,128,0,,,0,,0,0,0,0,0,0,0,0,0,0,0,0,0,0,0,0,0,,confirmed_binary_and_builder_logic,1205,0,1205,0
demo,308,128,0,,,0,,0,0,0,0,0,0,0,0,0,0,0,0,0,0,0,0,0,,confirmed_binary_and_builder_logic,1205,0,1205,0
demo,309,129,0,,,0,,0,0,0,0,0,0,0,0,0,0,0,0,0,0,0,0,0,,confirmed_binary_and_builder_logic,1030,768,262,0
demo,310,129,0,,,0,,0,0,0,0,0,0,0,0,0,0,0,0,0,0,0,0,0,,confirmed_binary_and_builder_logic,1030,768,262,0
demo,311,129,0,,,0,,0,0,0,0,0,0,0,0,0,0,0,0,0,0,0,0,0,,confirmed_binary_and_builder_logic,1030,768,262,0
demo,312,129,0,,,0,,0,0,0,0,0,0,0,0,0,0,0,0,0,0,0,0,0,,confirmed_binary_and_builder_logic,1030,768,262,0
demo,313,129,0,,,0,,0,0,0,0,0,0,0,0,0,0,0,0,0,0,0,0,0,,confirmed_binary_and_builder_logic,1030,768,262,0
demo,314,129,0,,,0,,0,0,0,0,0,0,0,0,0,0,0,0,0,0,0,0,0,,confirmed_binary_and_builder_logic,1030,768,262,0
demo,315,129,0,,,0,,0,0,0,0,0,0,0,0,0,0,0,0,0,0,0,0,0,,confirmed_binary_and_builder_logic,1030,768,262,0
demo,316,129,0,,,0,,0,0,0,0,0,0,0,0,0,0,0,0,0,0,0,0,0,,confirmed_binary_and_builder_logic,1030,768,262,0
demo,317,129,0,,,0,,0,0,0,0,0,0,0,0,0,0,0,0,0,0,0,0,0,,confirmed_binary_and_builder_logic,1030,768,262,0
demo,318,129,0,,,0,,0,0,0,0,0,0,0,0,0,0,0,0,0,0,0,0,0,,confirmed_binary_and_builder_logic,1030,768,262,0
demo,319,129,0,,,0,,0,0,0,0,0,0,0,0,0,0,0,0,0,0,0,0,0,,confirmed_binary_and_builder_logic,1030,768,262,0
demo,320,129,0,,,0,,0,0,0,0,0,0,0,0,0,0,0,0,0,0,0,0,0,,confirmed_binary_and_builder_logic,1030,768,262,0
demo,321,129,0,,,0,,0,0,0,0,0,0,0,0,0,0,0,0,0,0,0,0,0,,confirmed_binary_and_builder_logic,1030,768,262,0
demo,322,129,2,겠끝나너도라먹면사어은좋줘,겠나도라면사어은좋,9,끝너먹줘,4,256,0,0,0,0,0,41,4,256,-41,0,0,0,256,0,0,demo:129:729433704|demo:129:729433996,confirmed_binary_and_builder_logic,1030,768,262,0
demo,323,129,3,군기딱생선술쓰이회,군기이,3,딱생선술쓰회,6,384,0,0,0,0,0,18,6,384,-18,0,0,0,384,0,0,demo:129:733374092|demo:129:733374252|demo:129:733374568,confirmed_binary_and_builder_logic,1030,768,262,0
demo,324,129,1,괜아찮,아,1,괜찮,2,128,0,0,0,0,0,11,2,128,-11,0,0,0,128,0,0,demo:129:736978132,confirmed_binary_and_builder_logic,1030,768,262,0
demo,325,129,0,,,0,,0,0,0,0,0,0,0,0,0,0,0,0,0,0,0,0,0,,confirmed_binary_and_builder_logic,1030,768,262,0
demo,326,129,0,,,0,,0,0,0,0,0,0,0,0,0,0,0,0,0,0,0,0,0,,confirmed_binary_and_builder_logic,1030,768,262,0
demo,327,129,0,,,0,,0,0,0,0,0,0,0,0,0,0,0,0,0,0,0,0,0,,confirmed_binary_and_builder_logic,1030,768,262,0
demo,328,129,0,,,0,,0,0,0,0,0,0,0,0,0,0,0,0,0,0,0,0,0,,confirmed_binary_and_builder_logic,1030,768,262,0
demo,329,129,0,,,0,,0,0,0,0,0,0,0,0,0,0,0,0,0,0,0,0,0,,confirmed_binary_and_builder_logic,1030,768,262,0
demo,330,129,0,,,0,,0,0,0,0,0,0,0,0,0,0,0,0,0,0,0,0,0,,confirmed_binary_and_builder_logic,1030,768,262,0
demo,331,129,0,,,0,,0,0,0,0,0,0,0,0,0,0,0,0,0,0,0,0,0,,confirmed_binary_and_builder_logic,1030,768,262,0
demo,332,129,0,,,0,,0,0,0,0,0,0,0,0,0,0,0,0,0,0,0,0,0,,confirmed_binary_and_builder_logic,1030,768,262,0
