media,record,scene,translation_rows,used_hangul,common_glyphs,common_glyph_count,new_glyphs,new_glyph_count,glyph_add_bytes,existing_local_slots,existing_dead_slots,newly_freed_slots,glyph_reclaim_bytes,donor_reclaim_bytes,string_reclaim_bytes,appended_glyph_count,appended_glyph_bytes,string_delta_bytes,string_increase_bytes,text_overflow_bytes,internal_slack_bytes,record_growth_bytes,final_headroom,overflow_bytes,row_ids,confidence
movie,0,,3,가거공니다달대될래려로리면미버부성션스식아어에우의이있작전정츄편하,가거니다대될래려로리면미버부성션스아어에우의이있정츄편하,28,공달식작전,5,320,0,0,0,0,0,24,5,320,-24,2,0,0,320,0,320,movie:0:684|movie:0:808|movie:0:948,confirmed_binary_and_builder_logic
movie,1,,6,가같과군그니단대데래련로름마망명무뭔미방버서션소스슨식아야어요우으은을음의이임입자지쭐청츄학한했훈,가같군그니대데래로마명무미방버서션소스슨아야어요우으은을음의이임입자지청츄한,38,과단련름망뭔식쭐학했훈,11,704,0,0,0,0,0,58,11,704,-58,0,0,0,704,0,704,movie:0:2184|movie:0:2300|movie:0:2440|movie:0:2684|movie:0:2828|movie:0:3048,confirmed_binary_and_builder_logic
movie,2,,6,가개계고공구국권그극기나노니도동라람래련로름리문바발병복비사서설소스시연우원으은을의이작잠장전중지최치콜테통파프하해,가개계고그기나니도라람래로리문바사서설소스시우원으은을의이지콜프하해,34,공구국권극노동련름발병복비연작잠장전중최치테통파,24,1536,0,0,0,0,0,46,24,1536,-46,5,4,0,1536,0,1540,movie:0:4260|movie:0:4384|movie:0:4524|movie:0:4664|movie:0:4820|movie:0:5116,confirmed_binary_and_builder_logic
movie,3,,2,공년련류비성소어에우월유은의인일주초최했행,성소어에우유은의인일행,11,공년련류비월주초최했,10,640,0,0,0,0,0,20,10,640,-20,0,0,0,640,0,640,movie:0:6360|movie:0:6476,confirmed_binary_and_builder_logic
movie,4,,0,,,0,,0,0,0,0,0,0,0,0,0,0,0,0,0,0,0,0,0,,confirmed_binary_and_builder_logic
movie,5,,4,가건걸것게고공과국그까꼭나는데도렇려로리린망명방버복부서시아안않어었오우원위으이작잠전조족중지진출켰탈터하한해,가건것게고그까나는데도렇려로리명방버부서시아안않어었우원위으이조지터하한해,37,걸공과국꼭린망복오작잠전족중진출켰탈,18,1152,0,0,0,0,0,59,18,1152,-59,3,0,0,1152,0,1152,movie:0:10900|movie:0:11080|movie:0:11192|movie:0:11372,confirmed_binary_and_builder_logic
movie,6,,5,게곧과그나냈너는데도래려로를린만머무베벽병빼사서소시어었에였완왔원을의이입있작장전정지쳐켰콜프한휘히,게그나는데도래려로를만머무사서소시어었에왔원을의이입있정지콜프한히,33,곧과냈너린베벽병빼였완작장전쳐켰휘,17,1088,0,0,0,0,0,77,17,1088,-77,0,0,0,1088,0,1088,movie:0:12776|movie:0:13076|movie:0:13944|movie:0:14220|movie:0:14572,confirmed_binary_and_builder_logic
movie,7,,3,거걸구까나넘는대도려련로를리린마말못베빠서설소시야에연였온의일정제져주지할,거까나는대도려로를리마말못서설소시야에의일정제지할,25,걸구넘련린베빠연였온져주,12,768,0,0,0,0,0,55,12,768,-55,5,4,0,768,0,772,movie:0:14756|movie:0:14900|movie:0:15064,confirmed_binary_and_builder_logic
movie,8,,0,,,0,,0,0,0,0,0,0,0,0,0,0,0,0,0,0,0,0,0,,confirmed_binary_and_builder_logic
movie,9,,0,,,0,,0,0,0,0,0,0,0,0,0,0,0,0,0,0,0,0,0,,confirmed_binary_and_builder_logic
movie,10,,0,,,0,,0,0,0,0,0,0,0,0,0,0,0,0,0,0,0,0,0,,confirmed_binary_and_builder_logic
movie,11,,1,가거국그기래로말미수을의이인철키터하한,가거그기래로말미수을의이인키터하한,17,국철,2,128,0,0,0,0,0,21,2,128,-21,0,0,0,128,0,128,movie:0:23208,confirmed_binary_and_builder_logic
movie,12,,1,건놈들로소송어었원의이콜프한환,건들로소어었원의이콜프한,12,놈송환,3,192,0,0,0,0,0,0,3,192,4,4,2,0,192,0,194,movie:0:25736,confirmed_binary_and_builder_logic
movie,13,,0,,,0,,0,0,0,0,0,0,0,0,0,0,0,0,0,0,0,0,0,,confirmed_binary_and_builder_logic
movie,14,,0,,,0,,0,0,0,0,0,0,0,0,0,0,0,0,0,0,0,0,0,,confirmed_binary_and_builder_logic
movie,15,,0,,,0,,0,0,0,0,0,0,0,0,0,0,0,0,0,0,0,0,0,,confirmed_binary_and_builder_logic
movie,16,,0,,,0,,0,0,0,0,0,0,0,0,0,0,0,0,0,0,0,0,0,,confirmed_binary_and_builder_logic
movie,17,,0,,,0,,0,0,0,0,0,0,0,0,0,0,0,0,0,0,0,0,0,,confirmed_binary_and_builder_logic
movie,18,,0,,,0,,0,0,0,0,0,0,0,0,0,0,0,0,0,0,0,0,0,,confirmed_binary_and_builder_logic
movie,19,,0,,,0,,0,0,0,0,0,0,0,0,0,0,0,0,0,0,0,0,0,,confirmed_binary_and_builder_logic
movie,20,,0,,,0,,0,0,0,0,0,0,0,0,0,0,0,0,0,0,0,0,0,,confirmed_binary_and_builder_logic
movie,21,,0,,,0,,0,0,0,0,0,0,0,0,0,0,0,0,0,0,0,0,0,,confirmed_binary_and_builder_logic
movie,22,,0,,,0,,0,0,0,0,0,0,0,0,0,0,0,0,0,0,0,0,0,,confirmed_binary_and_builder_logic
movie,23,,0,,,0,,0,0,0,0,0,0,0,0,0,0,0,0,0,0,0,0,0,,confirmed_binary_and_builder_logic
movie,24,,0,,,0,,0,0,0,0,0,0,0,0,0,0,0,0,0,0,0,0,0,,confirmed_binary_and_builder_logic
movie,25,,1,계세실의자중환,계세의자,4,실중환,3,192,0,0,0,0,0,2,3,192,-2,0,0,0,192,0,192,movie:2:51528,confirmed_binary_and_builder_logic
movie,26,,6,가거것고공국그기깝내는다당더도되둘들뜻래럼로리말망명못문반범보뿐생스신심야양에역영요우웅의이일있자지진쫓필한희,가거것고그기깝내는다더도되둘들뜻래로리말명못문보스심야에요우의이일있자지필한,38,공국당럼망반범뿐생신양역영웅진쫓희,17,1088,0,0,0,0,0,82,17,1088,-82,0,0,0,1088,0,1088,movie:2:53404|movie:2:53528|movie:2:53700|movie:2:53836|movie:2:53972|movie:2:54276,confirmed_binary_and_builder_logic
movie,27,,5,가개냥네는늘다달때라를명발보사상서씻아앞어여오온왔우유을의이있자잭졌직찾한황,가개네는다때라를명보사상서아어여왔우유을의이있자한,25,냥늘달발씻앞오온잭졌직찾황,13,832,0,0,0,0,0,61,13,832,-61,0,0,0,832,0,832,movie:2:55508|movie:2:55656|movie:2:55792|movie:2:55932|movie:2:56052,confirmed_binary_and_builder_logic
movie,28,,4,가게결나너네늘대들뜨를릴마무바산시아야언오와우의이자정제지진처침쿠하한할했형회,가게나네대들를마무바시아야와우의이자정제지하한할,24,결너늘뜨릴산언오진처침쿠했형회,15,960,0,0,0,0,0,38,15,960,-38,2,0,0,960,0,960,movie:2:57584|movie:2:57704|movie:2:57836|movie:2:57980,confirmed_binary_and_builder_logic
movie,29,,0,,,0,,0,0,0,0,0,0,0,0,0,0,0,0,0,0,0,0,0,,confirmed_binary_and_builder_logic
movie,30,,0,,,0,,0,0,0,0,0,0,0,0,0,0,0,0,0,0,0,0,0,,confirmed_binary_and_builder_logic
movie,31,,0,,,0,,0,0,0,0,0,0,0,0,0,0,0,0,0,0,0,0,0,,confirmed_binary_and_builder_logic
movie,32,,0,,,0,,0,0,0,0,0,0,0,0,0,0,0,0,0,0,0,0,0,,confirmed_binary_and_builder_logic
movie,33,,0,,,0,,0,0,0,0,0,0,0,0,0,0,0,0,0,0,0,0,0,,confirmed_binary_and_builder_logic
movie,34,,0,,,0,,0,0,0,0,0,0,0,0,0,0,0,0,0,0,0,0,0,,confirmed_binary_and_builder_logic
movie,35,,0,,,0,,0,0,0,0,0,0,0,0,0,0,0,0,0,0,0,0,0,,confirmed_binary_and_builder_logic
movie,36,,0,,,0,,0,0,0,0,0,0,0,0,0,0,0,0,0,0,0,0,0,,confirmed_binary_and_builder_logic
movie,37,,0,,,0,,0,0,0,0,0,0,0,0,0,0,0,0,0,0,0,0,0,,confirmed_binary_and_builder_logic
movie,38,,0,,,0,,0,0,0,0,0,0,0,0,0,0,0,0,0,0,0,0,0,,confirmed_binary_and_builder_logic
movie,39,,0,,,0,,0,0,0,0,0,0,0,0,0,0,0,0,0,0,0,0,0,,confirmed_binary_and_builder_logic
movie,40,,0,,,0,,0,0,0,0,0,0,0,0,0,0,0,0,0,0,0,0,0,,confirmed_binary_and_builder_logic
movie,41,,0,,,0,,0,0,0,0,0,0,0,0,0,0,0,0,0,0,0,0,0,,confirmed_binary_and_builder_logic
movie,42,,0,,,0,,0,0,0,0,0,0,0,0,0,0,0,0,0,0,0,0,0,,confirmed_binary_and_builder_logic
movie,43,,0,,,0,,0,0,0,0,0,0,0,0,0,0,0,0,0,0,0,0,0,,confirmed_binary_and_builder_logic
movie,44,,0,,,0,,0,0,0,0,0,0,0,0,0,0,0,0,0,0,0,0,0,,confirmed_binary_and_builder_logic
movie,45,,0,,,0,,0,0,0,0,0,0,0,0,0,0,0,0,0,0,0,0,0,,confirmed_binary_and_builder_logic
movie,46,,0,,,0,,0,0,0,0,0,0,0,0,0,0,0,0,0,0,0,0,0,,confirmed_binary_and_builder_logic
movie,47,,0,,,0,,0,0,0,0,0,0,0,0,0,0,0,0,0,0,0,0,0,,confirmed_binary_and_builder_logic
movie,48,,0,,,0,,0,0,0,0,0,0,0,0,0,0,0,0,0,0,0,0,0,,confirmed_binary_and_builder_logic
movie,49,,0,,,0,,0,0,0,0,0,0,0,0,0,0,0,0,0,0,0,0,0,,confirmed_binary_and_builder_logic
movie,50,,0,,,0,,0,0,0,0,0,0,0,0,0,0,0,0,0,0,0,0,0,,confirmed_binary_and_builder_logic
movie,51,,0,,,0,,0,0,0,0,0,0,0,0,0,0,0,0,0,0,0,0,0,,confirmed_binary_and_builder_logic
movie,52,,0,,,0,,0,0,0,0,0,0,0,0,0,0,0,0,0,0,0,0,0,,confirmed_binary_and_builder_logic
movie,53,,0,,,0,,0,0,0,0,0,0,0,0,0,0,0,0,0,0,0,0,0,,confirmed_binary_and_builder_logic
movie,54,,0,,,0,,0,0,0,0,0,0,0,0,0,0,0,0,0,0,0,0,0,,confirmed_binary_and_builder_logic
movie,55,,0,,,0,,0,0,0,0,0,0,0,0,0,0,0,0,0,0,0,0,0,,confirmed_binary_and_builder_logic
movie,56,,0,,,0,,0,0,0,0,0,0,0,0,0,0,0,0,0,0,0,0,0,,confirmed_binary_and_builder_logic
movie,57,,0,,,0,,0,0,0,0,0,0,0,0,0,0,0,0,0,0,0,0,0,,confirmed_binary_and_builder_logic
movie,58,,0,,,0,,0,0,0,0,0,0,0,0,0,0,0,0,0,0,0,0,0,,confirmed_binary_and_builder_logic
movie,59,,0,,,0,,0,0,0,0,0,0,0,0,0,0,0,0,0,0,0,0,0,,confirmed_binary_and_builder_logic
movie,60,,0,,,0,,0,0,0,0,0,0,0,0,0,0,0,0,0,0,0,0,0,,confirmed_binary_and_builder_logic
movie,61,,0,,,0,,0,0,0,0,0,0,0,0,0,0,0,0,0,0,0,0,0,,confirmed_binary_and_builder_logic
movie,62,,0,,,0,,0,0,0,0,0,0,0,0,0,0,0,0,0,0,0,0,0,,confirmed_binary_and_builder_logic
movie,63,,0,,,0,,0,0,0,0,0,0,0,0,0,0,0,0,0,0,0,0,0,,confirmed_binary_and_builder_logic
movie,64,,0,,,0,,0,0,0,0,0,0,0,0,0,0,0,0,0,0,0,0,0,,confirmed_binary_and_builder_logic
movie,65,,0,,,0,,0,0,0,0,0,0,0,0,0,0,0,0,0,0,0,0,0,,confirmed_binary_and_builder_logic
movie,66,,0,,,0,,0,0,0,0,0,0,0,0,0,0,0,0,0,0,0,0,0,,confirmed_binary_and_builder_logic
movie,67,,0,,,0,,0,0,0,0,0,0,0,0,0,0,0,0,0,0,0,0,0,,confirmed_binary_and_builder_logic
movie,68,,0,,,0,,0,0,0,0,0,0,0,0,0,0,0,0,0,0,0,0,0,,confirmed_binary_and_builder_logic
movie,69,,0,,,0,,0,0,0,0,0,0,0,0,0,0,0,0,0,0,0,0,0,,confirmed_binary_and_builder_logic
movie,70,,0,,,0,,0,0,0,0,0,0,0,0,0,0,0,0,0,0,0,0,0,,confirmed_binary_and_builder_logic
movie,71,,0,,,0,,0,0,0,0,0,0,0,0,0,0,0,0,0,0,0,0,0,,confirmed_binary_and_builder_logic
movie,72,,0,,,0,,0,0,0,0,0,0,0,0,0,0,0,0,0,0,0,0,0,,confirmed_binary_and_builder_logic
movie,73,,0,,,0,,0,0,0,0,0,0,0,0,0,0,0,0,0,0,0,0,0,,confirmed_binary_and_builder_logic
movie,74,,0,,,0,,0,0,0,0,0,0,0,0,0,0,0,0,0,0,0,0,0,,confirmed_binary_and_builder_logic
movie,75,,0,,,0,,0,0,0,0,0,0,0,0,0,0,0,0,0,0,0,0,0,,confirmed_binary_and_builder_logic
movie,76,,0,,,0,,0,0,0,0,0,0,0,0,0,0,0,0,0,0,0,0,0,,confirmed_binary_and_builder_logic
movie,77,,0,,,0,,0,0,0,0,0,0,0,0,0,0,0,0,0,0,0,0,0,,confirmed_binary_and_builder_logic
movie,78,,0,,,0,,0,0,0,0,0,0,0,0,0,0,0,0,0,0,0,0,0,,confirmed_binary_and_builder_logic
movie,79,,0,,,0,,0,0,0,0,0,0,0,0,0,0,0,0,0,0,0,0,0,,confirmed_binary_and_builder_logic
movie,80,,0,,,0,,0,0,0,0,0,0,0,0,0,0,0,0,0,0,0,0,0,,confirmed_binary_and_builder_logic
movie,81,,0,,,0,,0,0,0,0,0,0,0,0,0,0,0,0,0,0,0,0,0,,confirmed_binary_and_builder_logic
movie,82,,0,,,0,,0,0,0,0,0,0,0,0,0,0,0,0,0,0,0,0,0,,confirmed_binary_and_builder_logic
movie,83,,0,,,0,,0,0,0,0,0,0,0,0,0,0,0,0,0,0,0,0,0,,confirmed_binary_and_builder_logic
movie,84,,0,,,0,,0,0,0,0,0,0,0,0,0,0,0,0,0,0,0,0,0,,confirmed_binary_and_builder_logic
movie,85,,0,,,0,,0,0,0,0,0,0,0,0,0,0,0,0,0,0,0,0,0,,confirmed_binary_and_builder_logic
movie,86,,0,,,0,,0,0,0,0,0,0,0,0,0,0,0,0,0,0,0,0,0,,confirmed_binary_and_builder_logic
movie,87,,0,,,0,,0,0,0,0,0,0,0,0,0,0,0,0,0,0,0,0,0,,confirmed_binary_and_builder_logic
movie,88,,0,,,0,,0,0,0,0,0,0,0,0,0,0,0,0,0,0,0,0,0,,confirmed_binary_and_builder_logic
movie,89,,0,,,0,,0,0,0,0,0,0,0,0,0,0,0,0,0,0,0,0,0,,confirmed_binary_and_builder_logic
movie,90,,0,,,0,,0,0,0,0,0,0,0,0,0,0,0,0,0,0,0,0,0,,confirmed_binary_and_builder_logic
movie,91,,0,,,0,,0,0,0,0,0,0,0,0,0,0,0,0,0,0,0,0,0,,confirmed_binary_and_builder_logic
movie,92,,0,,,0,,0,0,0,0,0,0,0,0,0,0,0,0,0,0,0,0,0,,confirmed_binary_and_builder_logic
movie,93,,0,,,0,,0,0,0,0,0,0,0,0,0,0,0,0,0,0,0,0,0,,confirmed_binary_and_builder_logic
movie,94,,0,,,0,,0,0,0,0,0,0,0,0,0,0,0,0,0,0,0,0,0,,confirmed_binary_and_builder_logic
movie,95,,0,,,0,,0,0,0,0,0,0,0,0,0,0,0,0,0,0,0,0,0,,confirmed_binary_and_builder_logic
movie,96,,0,,,0,,0,0,0,0,0,0,0,0,0,0,0,0,0,0,0,0,0,,confirmed_binary_and_builder_logic
movie,97,,0,,,0,,0,0,0,0,0,0,0,0,0,0,0,0,0,0,0,0,0,,confirmed_binary_and_builder_logic
movie,98,,0,,,0,,0,0,0,0,0,0,0,0,0,0,0,0,0,0,0,0,0,,confirmed_binary_and_builder_logic
movie,99,,0,,,0,,0,0,0,0,0,0,0,0,0,0,0,0,0,0,0,0,0,,confirmed_binary_and_builder_logic
movie,100,,0,,,0,,0,0,0,0,0,0,0,0,0,0,0,0,0,0,0,0,0,,confirmed_binary_and_builder_logic
movie,101,,0,,,0,,0,0,0,0,0,0,0,0,0,0,0,0,0,0,0,0,0,,confirmed_binary_and_builder_logic
movie,102,,0,,,0,,0,0,0,0,0,0,0,0,0,0,0,0,0,0,0,0,0,,confirmed_binary_and_builder_logic
movie,103,,0,,,0,,0,0,0,0,0,0,0,0,0,0,0,0,0,0,0,0,0,,confirmed_binary_and_builder_logic
movie,104,,0,,,0,,0,0,0,0,0,0,0,0,0,0,0,0,0,0,0,0,0,,confirmed_binary_and_builder_logic
movie,105,,0,,,0,,0,0,0,0,0,0,0,0,0,0,0,0,0,0,0,0,0,,confirmed_binary_and_builder_logic
movie,106,,0,,,0,,0,0,0,0,0,0,0,0,0,0,0,0,0,0,0,0,0,,confirmed_binary_and_builder_logic
movie,107,,0,,,0,,0,0,0,0,0,0,0,0,0,0,0,0,0,0,0,0,0,,confirmed_binary_and_builder_logic
