media,record,scene,translation_rows,used_hangul,common_glyphs,common_glyph_count,new_glyphs,new_glyph_count,glyph_add_bytes,existing_local_slots,existing_dead_slots,newly_freed_slots,glyph_reclaim_bytes,donor_reclaim_bytes,string_reclaim_bytes,appended_glyph_count,appended_glyph_bytes,string_delta_bytes,string_increase_bytes,text_overflow_bytes,internal_slack_bytes,record_growth_bytes,final_headroom,overflow_bytes,row_ids,confidence,scene_pad_budget,scene_total_growth,scene_final_headroom,scene_overflow_bytes,gcx,pinned_record,string_region_bytes,layout_policy,records,translation_records
movie,0,,3,가거공니다달대될래려로리면미버부성션스식아어에우의이있작전정츄편하,가거니다대될래려로리면미버부성션스아어에우의이있정츄편하,28,공달식작전,5,320,0,0,0,0,0,24,5,320,-24,2,0,0,320,0,320,movie:0:684|movie:0:808|movie:0:948,confirmed_binary_and_builder_logic,,,,,,,,,,
movie,1,,6,가같과군그니단대데래련로름마망명무뭔미방버서션소스슨식아야어요우으은을음의이임입자지쭐청츄학한했훈,가같군그니대데래로마명무미방버서션소스슨아야어요우으은을음의이임입자지청츄한,38,과단련름망뭔식쭐학했훈,11,704,0,0,0,0,0,58,11,704,-58,0,0,0,704,0,704,movie:0:2184|movie:0:2300|movie:0:2440|movie:0:2684|movie:0:2828|movie:0:3048,confirmed_binary_and_builder_logic,,,,,,,,,,
movie,2,,6,가개계고공구국권그극기나노니도동라람래련로름리문바발병복비사서설소스시연우원으은을의이작잠장전중지최치콜테통파프하해,가개계고그기나니도라람래로리문바사서설소스시우원으은을의이지콜프하해,34,공구국권극노동련름발병복비연작잠장전중최치테통파,24,1536,0,0,0,0,0,46,24,1536,-46,5,4,0,1536,0,1540,movie:0:4260|movie:0:4384|movie:0:4524|movie:0:4664|movie:0:4820|movie:0:5116,confirmed_binary_and_builder_logic,,,,,,,,,,
movie,3,,2,공년련류비성소어에우월유은의인일주초최했행,성소어에우유은의인일행,11,공년련류비월주초최했,10,640,0,0,0,0,0,20,10,640,-20,0,0,0,640,0,640,movie:0:6360|movie:0:6476,confirmed_binary_and_builder_logic,,,,,,,,,,
movie,5,,4,가건걸것게고공과국그까꼭나는데도렇려로리린망명방버복부서시아안않어었오우원위으이작잠전조족중지진출켰탈터하한해,가건것게고그까나는데도렇려로리명방버부서시아안않어었우원위으이조지터하한해,37,걸공과국꼭린망복오작잠전족중진출켰탈,18,1152,0,0,0,0,0,59,18,1152,-59,3,0,0,1152,0,1152,movie:0:10900|movie:0:11080|movie:0:11192|movie:0:11372,confirmed_binary_and_builder_logic,,,,,,,,,,
movie,6,,5,게곧과그나냈너는데도래려로를린만머무베벽병빼사서소시어었에였완왔원을의이입있작장전정지쳐켰콜프한휘히,게그나는데도래려로를만머무사서소시어었에왔원을의이입있정지콜프한히,33,곧과냈너린베벽병빼였완작장전쳐켰휘,17,1088,0,0,0,0,0,77,17,1088,-77,0,0,0,1088,0,1088,movie:0:12776|movie:0:13076|movie:0:13944|movie:0:14220|movie:0:14572,confirmed_binary_and_builder_logic,,,,,,,,,,
movie,7,,3,거걸구까나넘는대도려련로를리린마말못베빠서설소시야에연였온의일정제져주지할,거까나는대도려로를리마말못서설소시야에의일정제지할,25,걸구넘련린베빠연였온져주,12,768,0,0,0,0,0,55,12,768,-55,5,4,0,768,0,772,movie:0:14756|movie:0:14900|movie:0:15064,confirmed_binary_and_builder_logic,,,,,,,,,,
movie,11,,1,가거국그기래로말미수을의이인철키터하한,가거그기래로말미수을의이인키터하한,17,국철,2,128,0,0,0,0,0,21,2,128,-21,0,0,0,128,0,128,movie:0:23208,confirmed_binary_and_builder_logic,,,,,,,,,,
movie,12,,1,건놈들로소송어었원의이콜프한환,건들로소어었원의이콜프한,12,놈송환,3,192,0,0,0,0,0,0,3,192,4,4,2,0,192,0,194,movie:0:25736,confirmed_binary_and_builder_logic,,,,,,,,,,
movie,25,,1,계세실의자중환,계세의자,4,실중환,3,192,0,0,0,0,0,2,3,192,-2,0,0,0,192,0,192,movie:2:51528,confirmed_binary_and_builder_logic,,,,,,,,,,
movie,26,,6,가거것고공국그기깝내는다당더도되둘들뜻래럼로리말망명못문반범보뿐생스신심야양에역영요우웅의이일있자지진쫓필한희,가거것고그기깝내는다더도되둘들뜻래로리말명못문보스심야에요우의이일있자지필한,38,공국당럼망반범뿐생신양역영웅진쫓희,17,1088,0,0,0,0,0,82,17,1088,-82,0,0,0,1088,0,1088,movie:2:53404|movie:2:53528|movie:2:53700|movie:2:53836|movie:2:53972|movie:2:54276,confirmed_binary_and_builder_logic,,,,,,,,,,
movie,27,,5,가개냥네는늘다달때라를명발보사상서씻아앞어여오온왔우유을의이있자잭졌직찾한황,가개네는다때라를명보사상서아어여왔우유을의이있자한,25,냥늘달발씻앞오온잭졌직찾황,13,832,0,0,0,0,0,61,13,832,-61,0,0,0,832,0,832,movie:2:55508|movie:2:55656|movie:2:55792|movie:2:55932|movie:2:56052,confirmed_binary_and_builder_logic,,,,,,,,,,
movie,28,,4,가게결나너네늘대들뜨를릴마무바산시아야언오와우의이자정제지진처침쿠하한할했형회,가게나네대들를마무바시아야와우의이자정제지하한할,24,결너늘뜨릴산언오진처침쿠했형회,15,960,0,0,0,0,0,38,15,960,-38,2,0,0,960,0,960,movie:2:57584|movie:2:57704|movie:2:57836|movie:2:57980,confirmed_binary_and_builder_logic,,,,,,,,,,
demo,14,12,1,것는다로리소우이콜프,것는다로리소우이콜프,10,,0,0,0,0,0,0,0,0,0,0,7,7,7,0,0,0,7,demo:12:22975180,confirmed_binary_and_builder_logic,1669,128,1541,0,,,,,,
demo,32,18,2,가게그두렇르마서스씨아음의인죽지키,가게그렇르마서스아음의인죽지키,15,두씨,2,128,0,0,0,0,0,0,2,128,6,6,4,0,128,0,4,demo:18:86384468|demo:18:86384660,confirmed_binary_and_builder_logic,1350,512,838,0,,,,,,
demo,51,26,4,가걱건것게경구국그기네도들래마미선야여인정제조줄지차하힘,가건것게그기네도들래마미야여인정제조줄지하,21,걱경구국선차힘,7,448,0,0,0,0,0,35,7,448,-35,3,1,0,448,0,1,demo:26:121556256|demo:26:121556576|demo:26:121556780|demo:26:121557080,confirmed_binary_and_builder_logic,1813,1344,469,0,,,,,,
demo,61,26,1,군그기는니듣래런서아얘은이좋,군그기는니듣래런서아은이좋,13,얘,1,64,0,0,0,0,0,0,1,64,8,8,5,0,64,0,5,demo:26:132671564,confirmed_binary_and_builder_logic,1813,1344,469,0,,,,,,
demo,85,36,8,가걷걸게는다두든듯디람로른리만맞명발봐사어없엔요이지필하해혁,가게는다디람로리만명봐사어없엔요이지필하해,21,걷걸두든듯른맞발혁,9,576,0,0,0,0,0,90,9,576,-90,3,3,0,576,0,3,demo:36:191389316|demo:36:191389544|demo:36:191389724|demo:36:191390156|demo:36:191390400|demo:36:191390736|demo:36:191391140|demo:36:191391312,confirmed_binary_and_builder_logic,117,896,0,779,,,,,,
demo,122,49,1,구그누럼지,그지,2,구누럼,3,192,0,0,0,0,0,0,3,192,3,3,1,0,192,0,1,demo:49:237326980,confirmed_binary_and_builder_logic,5,192,0,187,,,,,,
demo,141,60,1,나너늦무었,나무었,3,너늦,2,128,0,0,0,0,0,0,2,128,3,3,1,0,128,0,1,demo:60:274338304,confirmed_binary_and_builder_logic,1942,256,1686,0,,,,,,
demo,240,96,5,가군네뜻무믿수슨야없요을응이필해,가군네뜻무믿수슨야없요을응이필해,16,,0,0,0,0,0,0,0,13,0,0,-13,1,1,0,0,0,1,demo:96:505670272|demo:96:505670404|demo:96:505670900|demo:96:505671496|demo:96:505671660,confirmed_binary_and_builder_logic,709,704,5,0,,,,,,
demo,241,96,2,가네몰못선아요자필해혼,가네못아요자필해,8,몰선혼,3,192,0,0,0,0,0,10,3,192,-10,1,1,0,192,0,1,demo:96:506710408|demo:96:506710648,confirmed_binary_and_builder_logic,709,704,5,0,,,,,,
codec,,,3,가거것게군기나다될들래리몰은이했,가거것게군기나다될들래리은이,14,몰했,2,128,0,0,0,0,0,25,2,128,-25,0,,,,0,103,codec:16:14|codec:16:15|codec:16:16,confirmed_binary_and_builder_logic,,,,,16,no,4732,per_gcx_size_preserved; no record relocation,,
codec,,,1,가기는니다달도됩마무비서에와입장조즉지찬현,가기는니다도마무서에와입조지,14,달됩비장즉찬현,7,448,0,0,0,0,0,25,7,448,-25,0,,,,0,423,codec:17:32,confirmed_binary_and_builder_logic,,,,,17,no,6524,per_gcx_size_preserved; no record relocation,,
codec,,,1,게내땐를말써할,게내를말할,5,땐써,2,128,0,0,0,0,0,26,2,128,-26,0,,,,0,102,codec:20:16,confirmed_binary_and_builder_logic,,,,,20,no,2892,per_gcx_size_preserved; no record relocation,,
codec,,,2,그기래를맞무뷰생서선아어에존택해,그기래를무서아어에해,10,맞뷰생선존택,6,384,0,0,0,0,0,22,6,384,-22,0,,,,0,362,codec:22:15|codec:22:22,confirmed_binary_and_builder_logic,,,,,22,no,3884,per_gcx_size_preserved; no record relocation,,
codec,,,1,기니다본생은의이입존,기니다본은의이입,8,생존,2,128,0,0,0,0,0,9,2,128,-9,0,,,,0,119,codec:23:14,confirmed_binary_and_builder_logic,,,,,23,no,3632,per_gcx_size_preserved; no record relocation,,
codec,,,2,꿔바서에위을의장,바서에위을의,6,꿔장,2,128,0,0,0,0,0,115,2,128,-115,0,,,,0,13,codec:35:6|codec:35:3,confirmed_binary_and_builder_logic,,,,,35,no,1300,per_gcx_size_preserved; no record relocation,,
codec,,,1,괜들려아잘찮,들려아잘,4,괜찮,2,128,0,0,0,0,0,14,2,128,-14,0,,,,0,114,codec:47:15,confirmed_binary_and_builder_logic,,,,,47,no,4048,per_gcx_size_preserved; no record relocation,,
codec,,,2,료를버보상아야자좋처치텨해,를버보상아야자좋해,9,료처치텨,4,256,0,0,0,0,0,45,4,256,-45,0,,,,0,211,codec:48:29|codec:48:28,confirmed_binary_and_builder_logic,,,,,48,no,4900,per_gcx_size_preserved; no record relocation,,
codec,,,4,고니다로료를먼면버선수술시야엽으있작저적쳐치택통튼하할합해,고니다로를면버수시야으있저적하할해,17,료먼선술엽작쳐치택통튼합,12,768,0,0,0,0,0,52,12,768,-52,0,,,,0,716,codec:49:10|codec:49:11|codec:49:16|codec:49:14,confirmed_binary_and_builder_logic,,,,,49,no,4624,per_gcx_size_preserved; no record relocation,,
codec,,,2,고군그렇리,고군그렇리,5,,0,0,0,0,0,0,0,0,0,0,2,3,,,,0,2,codec:58:49|codec:58:48,confirmed_binary_and_builder_logic,,,,,58,no,3696,per_gcx_size_preserved; no record relocation,,
codec,,,2,니아야직,니아야,3,직,1,64,0,0,0,0,0,1,1,64,-1,4,,,,0,63,codec:67:26|codec:67:17,confirmed_binary_and_builder_logic,,,,,67,no,3060,per_gcx_size_preserved; no record relocation,,
codec,,,1,도맡작조지,도조지,3,맡작,2,128,0,0,0,0,0,7,2,128,-7,0,,,,0,121,codec:71:17,confirmed_binary_and_builder_logic,,,,,71,no,2828,per_gcx_size_preserved; no record relocation,,
codec,,,1,는늪닥바없,는바없,3,늪닥,2,128,0,0,0,0,0,7,2,128,-7,0,,,,0,121,codec:92:16,confirmed_binary_and_builder_logic,,,,,92,no,2560,per_gcx_size_preserved; no record relocation,,
codec,,,1,악어,어,1,악,1,64,0,0,0,0,0,6,1,64,-6,0,,,,0,58,codec:95:24,confirmed_binary_and_builder_logic,,,,,95,no,4072,per_gcx_size_preserved; no record relocation,,
codec,,,1,가그뀌러로면바어,가그러로면바어,7,뀌,1,64,0,0,0,0,0,25,1,64,-25,0,,,,0,39,codec:114:15,confirmed_binary_and_builder_logic,,,,,114,no,3104,per_gcx_size_preserved; no record relocation,,
codec,,,1,그럼,그,1,럼,1,64,0,0,0,0,0,0,1,64,0,0,,,,0,64,codec:120:27,confirmed_binary_and_builder_logic,,,,,120,no,3784,per_gcx_size_preserved; no record relocation,,
codec,,,2,누는다르를먹면,는다르를면,5,누먹,2,128,0,0,0,0,0,72,2,128,-72,0,,,,0,56,codec:121:18|codec:121:12,confirmed_binary_and_builder_logic,,,,,121,no,2120,per_gcx_size_preserved; no record relocation,,
codec,,,1,다량르마복이회,다르마이,4,량복회,3,192,0,0,0,0,0,63,3,192,-63,0,,,,0,129,codec:122:10,confirmed_binary_and_builder_logic,,,,,122,no,2328,per_gcx_size_preserved; no record relocation,,
codec,,,1,같는도동똑물에움이잡직혀,같는도물에이잡,7,동똑움직혀,5,320,0,0,0,0,0,36,5,320,-36,0,,,,0,284,codec:125:16,confirmed_binary_and_builder_logic,,,,,125,no,3096,per_gcx_size_preserved; no record relocation,,
codec,,,1,내로를반사아알위으음의적치표,내로를사아알위으음의적,11,반치표,3,192,0,0,0,0,0,39,3,192,-39,0,,,,0,153,codec:126:16,confirmed_binary_and_builder_logic,,,,,126,no,3368,per_gcx_size_preserved; no record relocation,,
codec,,,1,가높록리빨수을차,가록리수을,5,높빨차,3,192,0,0,0,0,0,28,3,192,-28,0,,,,0,164,codec:129:16,confirmed_binary_and_builder_logic,,,,,129,no,2932,per_gcx_size_preserved; no record relocation,,
codec,,,3,가게겠기꾸낮높는니다등때라로를리면므바방법보복살서세수습아어올웅은을음있자지크펴포하,가게겠기는니다때라로를리면바방법보서세수습아어올은을음있자지크포하,33,꾸낮높등므복살웅펴,9,576,0,0,0,0,0,76,9,576,-76,0,,,,0,500,codec:133:20|codec:133:16|codec:133:14,confirmed_binary_and_builder_logic,,,,,133,no,6268,per_gcx_size_preserved; no record relocation,,
codec,,,2,구달리마지,리마지,3,구달,2,128,0,0,0,0,0,45,2,128,-45,0,,,,0,83,codec:136:24|codec:136:14,confirmed_binary_and_builder_logic,,,,,136,no,3100,per_gcx_size_preserved; no record relocation,,
codec,,,2,덮뒤를서에용유이인잘쳐해,를서에유이인잘해,8,덮뒤용쳐,4,256,0,0,0,0,0,57,4,256,-57,0,,,,0,199,codec:139:18|codec:139:19,confirmed_binary_and_builder_logic,,,,,139,no,3236,per_gcx_size_preserved; no record relocation,,
codec,,,1,동라을이작해,라을이해,4,동작,2,128,0,0,0,0,0,6,2,128,-6,0,,,,0,122,codec:143:15,confirmed_binary_and_builder_logic,,,,,143,no,3188,per_gcx_size_preserved; no record relocation,,
codec,,,1,숙익져해,숙익해,3,져,1,64,0,0,0,0,0,30,1,64,-30,0,,,,0,34,codec:144:16,confirmed_binary_and_builder_logic,,,,,144,no,2684,per_gcx_size_preserved; no record relocation,,
codec,,,1,격공때를봐서해,때를봐서해,5,격공,2,128,0,0,0,0,0,27,2,128,-27,0,,,,0,101,codec:145:17,confirmed_binary_and_builder_logic,,,,,145,no,3164,per_gcx_size_preserved; no record relocation,,
codec,,,1,같과도아,같도아,3,과,1,64,0,0,0,0,0,21,1,64,-21,0,,,,0,43,codec:147:14,confirmed_binary_and_builder_logic,,,,,147,no,2832,per_gcx_size_preserved; no record relocation,,
codec,,,1,같거기는리무은의척투,같거기는리무은의,8,척투,2,128,0,0,0,0,0,33,2,128,-33,0,,,,0,95,codec:148:14,confirmed_binary_and_builder_logic,,,,,148,no,3628,per_gcx_size_preserved; no record relocation,,
codec,,,2,가는들로를만면물상어열영을의줄체켜,가는들로를만면물상어을의줄,13,열영체켜,4,256,0,0,0,0,0,84,4,256,-84,0,,,,0,172,codec:149:17|codec:149:14,confirmed_binary_and_builder_logic,,,,,149,no,3456,per_gcx_size_preserved; no record relocation,,
codec,,,1,동라을이작해,라을이해,4,동작,2,128,0,0,0,0,0,5,2,128,-5,0,,,,0,123,codec:150:15,confirmed_binary_and_builder_logic,,,,,150,no,2872,per_gcx_size_preserved; no record relocation,,
codec,,,3,가것는달따뜻라를리매면상야어에이줄태해,가것는뜻라를리면상야어에이줄태해,16,달따매,3,192,0,0,0,0,0,53,3,192,-53,0,,,,0,139,codec:152:17|codec:152:19|codec:152:16,confirmed_binary_and_builder_logic,,,,,152,no,3692,per_gcx_size_preserved; no record relocation,,
codec,,,1,귀도수어얻을있희,도수어을있,5,귀얻희,3,192,0,0,0,0,0,18,3,192,-18,0,,,,0,174,codec:153:17,confirmed_binary_and_builder_logic,,,,,153,no,3240,per_gcx_size_preserved; no record relocation,,
codec,,,1,를먹어었,를어었,3,먹,1,64,0,0,0,0,0,4,1,64,-4,0,,,,0,60,codec:158:14,confirmed_binary_and_builder_logic,,,,,158,no,3260,per_gcx_size_preserved; no record relocation,,
codec,,,2,게느동두를리맞면법살상소써없에움을이직짝황,게를리면법상소없에을이,11,느동두맞살써움직짝황,10,640,0,0,0,0,0,83,10,640,-83,0,,,,0,557,codec:161:20|codec:161:19,confirmed_binary_and_builder_logic,,,,,161,no,3992,per_gcx_size_preserved; no record relocation,,
codec,,,1,가다된드로면문서열은클패,가다드로면문서은,8,된열클패,4,256,0,0,0,0,0,48,4,256,-48,0,,,,0,208,codec:164:14,confirmed_binary_and_builder_logic,,,,,164,no,3068,per_gcx_size_preserved; no record relocation,,
codec,,,1,기를보야얻을정회,기를보야을정,6,얻회,2,128,0,0,0,0,0,25,2,128,-25,0,,,,0,103,codec:167:15,confirmed_binary_and_builder_logic,,,,,167,no,2832,per_gcx_size_preserved; no record relocation,,
codec,,,1,걷는니도따라를뿐속아에움이정직,는니도라를아에이정,9,걷따뿐속움직,6,384,0,0,0,0,0,27,6,384,-27,0,,,,0,357,codec:168:14,confirmed_binary_and_builder_logic,,,,,168,no,3396,per_gcx_size_preserved; no record relocation,,
codec,,,1,러로를리맞머면바쓰져히,러로를리머면바히,8,맞쓰져,3,192,0,0,0,0,0,24,3,192,-24,0,,,,0,168,codec:169:17,confirmed_binary_and_builder_logic,,,,,169,no,3180,per_gcx_size_preserved; no record relocation,,
codec,,,2,가개겠까는니다몇습않알야어왔을져지하,가개겠까는니다습않알야어왔을지하,16,몇져,2,128,0,0,0,0,0,30,2,128,-30,0,,,,0,98,codec:175:17|codec:175:21,confirmed_binary_and_builder_logic,,,,,175,no,3756,per_gcx_size_preserved; no record relocation,,
codec,,,2,그도를어에와워전줄채,그도를어에와줄,7,워전채,3,192,0,0,0,0,0,55,3,192,-55,0,,,,0,137,codec:179:13|codec:179:11,confirmed_binary_and_builder_logic,,,,,179,no,2316,per_gcx_size_preserved; no record relocation,,
codec,,,1,로를복해회,로를해,3,복회,2,128,0,0,0,0,0,4,2,128,-4,0,,,,0,124,codec:180:10,confirmed_binary_and_builder_logic,,,,,180,no,1916,per_gcx_size_preserved; no record relocation,,
codec,,,1,껴를아,를아,2,껴,1,64,0,0,0,0,0,35,1,64,-35,0,,,,0,29,codec:182:31,confirmed_binary_and_builder_logic,,,,,182,no,4312,per_gcx_size_preserved; no record relocation,,
codec,,,2,게끼려를맞면빼상서써아에총황,게려를면상서아에,8,끼맞빼써총황,6,384,0,0,0,0,0,60,6,384,-60,0,,,,0,324,codec:186:19|codec:186:16,confirmed_binary_and_builder_logic,,,,,186,no,3424,per_gcx_size_preserved; no record relocation,,
codec,,,1,가곧그돌러로면아와,가그돌러로면아와,8,곧,1,64,0,0,0,0,0,16,1,64,-16,0,,,,0,48,codec:189:17,confirmed_binary_and_builder_logic,,,,,189,no,3444,per_gcx_size_preserved; no record relocation,,
codec,,,1,나라리머별사씩위은적져하,나라리머별사위은적하,10,씩져,2,128,0,0,0,0,0,91,2,128,-91,0,,,,0,37,codec:190:15,confirmed_binary_and_builder_logic,,,,,190,no,3124,per_gcx_size_preserved; no record relocation,,
codec,,,1,는로사어열용을해,는로사어을해,6,열용,2,128,0,0,0,0,0,39,2,128,-39,0,,,,0,89,codec:193:3,confirmed_binary_and_builder_logic,,,,,193,no,1152,per_gcx_size_preserved; no record relocation,,
codec,,,1,게곽굴려면보얼윤을이평하,게려면보을이하,7,곽굴얼윤평,5,320,0,0,0,0,0,18,5,320,-18,0,,,,0,302,codec:198:6,confirmed_binary_and_builder_logic,,,,,198,no,1620,per_gcx_size_preserved; no record relocation,,
codec,,,3,가걱네높도마면속수아알앞어요으일있잖정코,가네도마면수아알어요으일있정코,15,걱높속앞잖,5,320,0,0,0,0,0,49,5,320,-49,0,,,,0,271,codec:200:7|codec:200:10|codec:200:6,confirmed_binary_and_builder_logic,,,,,200,no,2304,per_gcx_size_preserved; no record relocation,,
codec,,,1,걱게는들리멀어없에은있적정킬,게는들리어없에은있적정,11,걱멀킬,3,192,0,0,0,0,0,35,3,192,-35,0,,,,0,157,codec:202:5,confirmed_binary_and_builder_logic,,,,,202,no,2252,per_gcx_size_preserved; no record relocation,,
codec,,,1,남래보아에여은탄,래보아에여은,6,남탄,2,128,0,0,0,0,0,23,2,128,-23,0,,,,0,105,codec:210:16,confirmed_binary_and_builder_logic,,,,,210,no,3256,per_gcx_size_preserved; no record relocation,,
codec,,,1,남늘아엔이탄,아엔이,3,남늘탄,3,192,0,0,0,0,0,27,3,192,-27,0,,,,0,165,codec:212:4,confirmed_binary_and_builder_logic,,,,,212,no,1592,per_gcx_size_preserved; no record relocation,,
codec,,,1,넣먼어었에저,어었에저,4,넣먼,2,128,0,0,0,0,0,7,2,128,-7,0,,,,0,121,codec:217:15,confirmed_binary_and_builder_logic,,,,,217,no,3016,per_gcx_size_preserved; no record relocation,,
codec,,,2,기꺼내는를몸무비서순야에장해,기내는를무서야에해,9,꺼몸비순장,5,320,0,0,0,0,0,80,5,320,-80,0,,,,0,240,codec:218:3|codec:218:8,confirmed_binary_and_builder_logic,,,,,218,no,2152,per_gcx_size_preserved; no record relocation,,
codec,,,1,는어없,는어없,3,,0,0,0,0,0,0,0,0,0,0,4,4,,,,0,4,codec:224:3,confirmed_binary_and_builder_logic,,,,,224,no,1148,per_gcx_size_preserved; no record relocation,,
codec,,,2,격경기다돌무및소양우의총타한,기다돌무소우의한,8,격경및양총타,6,384,0,0,0,0,0,60,6,384,-60,0,,,,0,324,codec:225:10|codec:225:3,confirmed_binary_and_builder_logic,,,,,225,no,2376,per_gcx_size_preserved; no record relocation,,
codec,,,1,기내리발앞을전,기내리을,4,발앞전,3,192,0,0,0,0,0,18,3,192,-18,0,,,,0,174,codec:230:4,confirmed_binary_and_builder_logic,,,,,230,no,2028,per_gcx_size_preserved; no record relocation,,
codec,,,1,가게낮능도들성세아어에은자적줄킬,가게도들성세아어에은자적줄,13,낮능킬,3,192,0,0,0,0,0,55,3,192,-55,0,,,,0,137,codec:231:5,confirmed_binary_and_builder_logic,,,,,231,no,2096,per_gcx_size_preserved; no record relocation,,
codec,,,2,그래럼마뭘실알았어자잘,그래마알았어자잘,8,럼뭘실,3,192,0,0,0,0,0,15,3,192,-15,0,,,,0,177,codec:233:22|codec:233:14,confirmed_binary_and_builder_logic,,,,,233,no,3128,per_gcx_size_preserved; no record relocation,,
codec,,,2,겠고는다대보세알이조직차첩,겠고는다대보세알이조,10,직차첩,3,192,0,0,0,0,0,24,3,192,-24,0,,,,0,168,codec:234:42|codec:234:16,confirmed_binary_and_builder_logic,,,,,234,no,5112,per_gcx_size_preserved; no record relocation,,
codec,,,2,게국그미방식야이쿼,게그미방야이,6,국식쿼,3,192,0,0,0,0,0,5,3,192,-5,0,,,,0,187,codec:235:53|codec:235:21,confirmed_binary_and_builder_logic,,,,,235,no,4156,per_gcx_size_preserved; no record relocation,,
codec,,,3,널령서소에터톰,령서소에터톰,6,널,1,64,0,0,0,0,0,11,1,64,-11,0,,,,0,53,codec:236:20|codec:236:19|codec:236:17,confirmed_binary_and_builder_logic,,,,,236,no,4576,per_gcx_size_preserved; no record relocation,,
codec,,,3,것그까내네니다몸무미부분아알엇요은을의합,것그까내네니다무미부분아알요은을의,17,몸엇합,3,192,0,0,0,0,0,0,3,192,1,10,,,,0,193,codec:237:14|codec:237:18|codec:237:16,confirmed_binary_and_builder_logic,,,,,237,no,4340,per_gcx_size_preserved; no record relocation,,
codec,,,3,가니뭐뭔상아은이지하해황,가니뭐상아은이지하해,10,뭔황,2,128,0,0,0,0,0,26,2,128,-26,0,,,,0,102,codec:238:24|codec:238:14|codec:238:16,confirmed_binary_and_builder_logic,,,,,238,no,3984,per_gcx_size_preserved; no record relocation,,
codec,,,6,가각간거것경고굴그근냥넓누눕는다당도드득든러럼로록료르를리릴말맞면모반발버번보사상생서성세션수시쏘않알압액에여연옆요용워유으은을이인있잘적제져지찬채처총추키통튼파폭하한할해혀휘히,가간거것고그근는다도드러로록르를리말면버번보사상서성세션수시않알에여요유으은을이인있잘적제지키하한할해히,52,각경굴냥넓누눕당득든럼료릴맞모반발생쏘압액연옆용워져찬채처총추통튼파폭혀휘,37,2368,0,0,0,0,0,100,37,2368,-100,0,,,,0,2268,codec:261:906|codec:261:907|codec:261:904|codec:261:905|codec:261:900|codec:261:902,confirmed_binary_and_builder_logic,,,,,261,no,204652,per_gcx_size_preserved; no record relocation,,
codec,,,14,가거걸것게고군그기까나높누눌는니다대도동되될됩드들래러려로론르른를리매먼면명목못문물방버보봐부사상서세션수술숨스습시신실써아안았앞액양어업에여열엽오완왔요용우원위으은을의이입있자작저적정증지찾체쳐치튼파패평품하한할함합해현확,가거것게고군그기까나는니다대도되될드들래러려로르를리면명못문물방버보봐부사상서세션수스습시아안았어에여왔요우원위으은을의이입있자저적정지하한할함해,73,걸높누눌동됩론른매먼목술숨신실써앞액양업열엽오완용작증찾체쳐치튼파패평품합현확,39,2496,0,0,0,0,0,366,39,2496,-366,0,,,,0,2130,codec:270:744|codec:270:732|codec:270:735|codec:270:733|codec:270:736|codec:270:740|codec:270:734|codec:270:741|codec:270:742|codec:270:739|codec:270:738|codec:270:743|codec:270:737|codec:270:745,confirmed_binary_and_builder_logic,,,,,270,no,206364,per_gcx_size_preserved; no record relocation,,
codec,,,3,그다대도렇로맘면무보아어엇왜입좋,그다대도렇로면무보아어왜입좋,14,맘엇,2,128,0,0,0,0,0,18,2,128,-18,0,,,,0,110,codec:274:20|codec:274:9|codec:274:14,confirmed_binary_and_builder_logic,,,,,274,no,2672,per_gcx_size_preserved; no record relocation,,
codec,,,5,개거것격계국냉는니다대데도되미병본사서세습않았없에왜요용은을의이인입적전제즘지차하한현화,개거것계는니다대데도되미본사서세습않았없에왜요은을의이인입적제지하한,34,격국냉병용전즘차현화,10,640,0,0,0,0,0,49,10,640,-49,1,,,,0,591,codec:275:9|codec:275:7|codec:275:15|codec:275:12|codec:275:18,confirmed_binary_and_builder_logic,,,,,275,no,5064,per_gcx_size_preserved; no record relocation,,
codec,,,1,고괴은이적죠파폐하,고은이적하,5,괴죠파폐,4,256,0,0,0,0,0,13,4,256,-13,0,,,,0,243,codec:276:4,confirmed_binary_and_builder_logic,,,,,276,no,2440,per_gcx_size_preserved; no record relocation,,
codec,,,1,가그느다당때보어연요중하히,가그다때보어요하히,9,느당연중,4,256,0,0,0,0,0,45,4,256,-45,0,,,,0,211,codec:291:4,confirmed_binary_and_builder_logic,,,,,291,no,3476,per_gcx_size_preserved; no record relocation,,
codec,,,1,격부분뿐야은의이일타한,부분야은의이일한,8,격뿐타,3,192,0,0,0,0,0,23,3,192,-23,0,,,,0,169,codec:292:5,confirmed_binary_and_builder_logic,,,,,292,no,2428,per_gcx_size_preserved; no record relocation,,
codec,,,3,가거게계기놀는다도랄렇론많면몇물배서속수시쓰아야어업에우은이일있작절점죽지할행,가거게계기는다도렇면물서수시아야어에우은이일있절점죽지할행,29,놀랄론많몇배속쓰업작,10,640,0,0,0,0,0,67,10,640,-67,0,,,,0,573,codec:293:4|codec:293:8|codec:293:14,confirmed_binary_and_builder_logic,,,,,293,no,4168,per_gcx_size_preserved; no record relocation,,
codec,,,2,고기당마만몸빼술신요음,고기마만요음,6,당몸빼술신,5,320,0,0,0,0,0,14,5,320,-14,0,,,,0,306,codec:296:14|codec:296:8,confirmed_binary_and_builder_logic,,,,,296,no,2788,per_gcx_size_preserved; no record relocation,,
codec,,,5,가개것게다대된로를마만무밀발번상선손스쓰야어에용으을이임입장재전제조주지총취탄톤피하한해,가개것게다대로를마만무번상스야어에으을이임입제조지하한해,28,된밀발선손쓰용장재전주총취탄톤피,16,1024,0,0,0,0,0,121,16,1024,-121,0,,,,0,903,codec:297:12|codec:297:9|codec:297:4|codec:297:6|codec:297:16,confirmed_binary_and_builder_logic,,,,,297,no,4484,per_gcx_size_preserved; no record relocation,,
codec,,,2,고군그래를쓰야이있,고군그래를야이있,8,쓰,1,64,0,0,0,0,0,15,1,64,-15,0,,,,0,49,codec:298:3|codec:298:4,confirmed_binary_and_builder_logic,,,,,298,no,1424,per_gcx_size_preserved; no record relocation,,
codec,,,2,것게그기는대도드만쉽아알정하휴,것게그기는대도드만아알정하,13,쉽휴,2,128,0,0,0,0,0,22,2,128,-22,0,,,,0,106,codec:300:6|codec:300:12,confirmed_binary_and_builder_logic,,,,,300,no,4192,per_gcx_size_preserved; no record relocation,,
codec,,,1,같것견군를발신요하,같것군를요하,6,견발신,3,192,0,0,0,0,0,10,3,192,-10,0,,,,0,182,codec:301:3,confirmed_binary_and_builder_logic,,,,,301,no,2704,per_gcx_size_preserved; no record relocation,,
codec,,,1,갖계고군를시요잡지,계고군를시요잡지,8,갖,1,64,0,0,0,0,0,3,1,64,-3,0,,,,0,61,codec:302:3,confirmed_binary_and_builder_logic,,,,,302,no,1848,per_gcx_size_preserved; no record relocation,,
codec,,,1,경계고군사시쌍안요용을하,계고군사시안요을하,9,경쌍용,3,192,0,0,0,0,0,3,3,192,-3,0,,,,0,189,codec:303:3,confirmed_binary_and_builder_logic,,,,,303,no,1960,per_gcx_size_preserved; no record relocation,,
codec,,,1,걱기련마억은정해훈,기마은정해,5,걱련억훈,4,256,0,0,0,0,0,11,4,256,-11,0,,,,0,245,codec:309:8,confirmed_binary_and_builder_logic,,,,,309,no,1888,per_gcx_size_preserved; no record relocation,,
codec,,,3,긴사실안어장지했,사안어지,4,긴실장했,4,256,0,0,0,0,0,35,4,256,-35,0,,,,0,221,codec:313:9|codec:313:20|codec:313:8,confirmed_binary_and_builder_logic,,,,,313,no,1564,per_gcx_size_preserved; no record relocation,,
codec,,,1,기로무선위으장택,기로무위으,5,선장택,3,192,0,0,0,0,0,28,3,192,-28,0,,,,0,164,codec:314:4,confirmed_binary_and_builder_logic,,,,,314,no,1760,per_gcx_size_preserved; no record relocation,,
codec,,,2,그래안어없요전혀,그래안어없요,6,전혀,2,128,0,0,0,0,0,0,2,128,4,4,,,,0,132,codec:317:13|codec:317:10,confirmed_binary_and_builder_logic,,,,,317,no,1552,per_gcx_size_preserved; no record relocation,,
codec,,,2,고년단독돌뭐사의이입잠장전점지충,고돌뭐사의이입점지,9,년단독잠장전충,7,448,0,0,0,0,0,33,7,448,-33,0,,,,0,415,codec:318:8|codec:318:3,confirmed_binary_and_builder_logic,,,,,318,no,2064,per_gcx_size_preserved; no record relocation,,
codec,,,1,고관기동라먼면몸보숨을저적찰해행,고기라면보을저적해행,10,관동먼몸숨찰,6,384,0,0,0,0,0,48,6,384,-48,0,,,,0,336,codec:319:3,confirmed_binary_and_builder_logic,,,,,319,no,2108,per_gcx_size_preserved; no record relocation,,
codec,,,1,고다비을이있장적죠하했,고다을이있적하,7,비장죠했,4,256,0,0,0,0,0,21,4,256,-21,0,,,,0,235,codec:324:3,confirmed_binary_and_builder_logic,,,,,324,no,1632,per_gcx_size_preserved; no record relocation,,
codec,,,1,갖고다도를있적지했,고다도를있적지,7,갖했,2,128,0,0,0,0,0,28,2,128,-28,0,,,,0,100,codec:326:3,confirmed_binary_and_builder_logic,,,,,326,no,1696,per_gcx_size_preserved; no record relocation,,
codec,,,3,거고곤까나너니담라를리머배셨습아야요우있잖피하했,거고까나니라를리머습아야요우있하,16,곤너담배셨잖피했,8,512,0,0,0,0,0,2,8,512,-2,0,,,,0,510,codec:328:3|codec:328:10|codec:328:6,confirmed_binary_and_builder_logic,,,,,328,no,2940,per_gcx_size_preserved; no record relocation,,
codec,,,1,,,0,,0,0,0,0,0,0,0,0,0,0,6,6,,,,0,6,codec:330:2,confirmed_binary_and_builder_logic,,,,,330,no,52,per_gcx_size_preserved; no record relocation,,
codec,,,2,군꼭는니다를비서에요입장제품필한했현,군는니다를서에요입제필한,12,꼭비장품했현,6,384,0,0,0,0,0,19,6,384,-19,0,,,,0,365,codec:331:3|codec:331:4,confirmed_binary_and_builder_logic,,,,,331,no,2192,per_gcx_size_preserved; no record relocation,,
codec,,,2,개고금기나는든라면무발서아야엇여을이있중지직하,개고금기나는라면무서아야여을이있지하,18,든발엇중직,5,320,0,0,0,0,0,42,5,320,-42,0,,,,0,278,codec:336:5|codec:336:3,confirmed_binary_and_builder_logic,,,,,336,no,3036,per_gcx_size_preserved; no record relocation,,
codec,,,2,강기럼력면무보쓰야여요잘처한,기면무보야여요잘한,9,강럼력쓰처,5,320,0,0,0,0,0,46,5,320,-46,0,,,,0,274,codec:337:9|codec:337:6,confirmed_binary_and_builder_logic,,,,,337,no,1756,per_gcx_size_preserved; no record relocation,,
codec,,,1,격때을저조준총할,때을저조할,5,격준총,3,192,0,0,0,0,0,8,3,192,-8,0,,,,0,184,codec:338:3,confirmed_binary_and_builder_logic,,,,,338,no,2260,per_gcx_size_preserved; no record relocation,,
codec,,,1,군를얻었,군를었,3,얻,1,64,0,0,0,0,0,11,1,64,-11,0,,,,0,53,codec:339:3,confirmed_binary_and_builder_logic,,,,,339,no,1388,per_gcx_size_preserved; no record relocation,,
codec,,,2,게나든뭐손야어에,게나뭐야어에,6,든손,2,128,0,0,0,0,0,19,2,128,-19,1,,,,0,109,codec:343:6|codec:343:3,confirmed_binary_and_builder_logic,,,,,343,no,1468,per_gcx_size_preserved; no record relocation,,
codec,,,1,가군마방성아요이있크향,가군마방성아요이있크,10,향,1,64,0,0,0,0,0,13,1,64,-13,0,,,,0,51,codec:344:3,confirmed_binary_and_builder_logic,,,,,344,no,1768,per_gcx_size_preserved; no record relocation,,
codec,,,1,겠높려를면알이지해,겠려를면알이지해,8,높,1,64,0,0,0,0,0,32,1,64,-32,0,,,,0,32,codec:348:5,confirmed_binary_and_builder_logic,,,,,348,no,1228,per_gcx_size_preserved; no record relocation,,
codec,,,2,가걸그는도동로물뭔수야어은을있작잡장치,가그는도로물수야어은을있잡,13,걸동뭔작장치,6,384,0,0,0,0,0,35,6,384,-35,0,,,,0,349,codec:353:4|codec:353:6,confirmed_binary_and_builder_logic,,,,,353,no,2396,per_gcx_size_preserved; no record relocation,,
codec,,,1,군복약이있회,군이있,3,복약회,3,192,0,0,0,0,0,16,3,192,-16,0,,,,0,176,codec:354:3,confirmed_binary_and_builder_logic,,,,,354,no,1368,per_gcx_size_preserved; no record relocation,,
codec,,,11,가거것게격계고공군그기나내냥누니다답당도될됩들러려록르마말면번보사세수시신써않억에여요용움을응의이잊자잘정죄지치콤하합해행확,가거것게계고군그기나내니다도될들러려록르마말면번보사세수시않에여요을응의이자잘정지하해행,44,격공냥누답당됩신써억용움잊죄치콤합확,18,1152,0,0,0,0,0,57,18,1152,-57,15,,,,0,1095,codec:355:445|codec:355:1486|codec:355:90|codec:355:133|codec:355:355|codec:355:1490|codec:355:408|codec:355:191|codec:355:1122|codec:355:1475|codec:355:206,confirmed_binary_and_builder_logic,,,,,355,no,116616,per_gcx_size_preserved; no record relocation,,
codec,,,2,니독만매심없우위은조지하해험,니만심없우위은조지하해험,12,독매,2,128,0,0,0,0,0,99,2,128,-99,0,,,,0,29,codec:365:30|codec:365:11,confirmed_binary_and_builder_logic,,,,,365,no,3220,per_gcx_size_preserved; no record relocation,,
codec,,,1,라몰,라,1,몰,1,64,0,0,0,0,0,10,1,64,-10,0,,,,0,54,codec:393:14,confirmed_binary_and_builder_logic,,,,,393,no,2216,per_gcx_size_preserved; no record relocation,,
codec,,,1,군단대식욕이하,군대이하,4,단식욕,3,192,0,0,0,0,0,13,3,192,-13,0,,,,0,179,codec:399:11,confirmed_binary_and_builder_logic,,,,,399,no,2412,per_gcx_size_preserved; no record relocation,,
codec,,,2,가또럼뭐어요있처,가또뭐어요있,6,럼처,2,128,0,0,0,0,0,7,2,128,-7,0,,,,0,121,codec:402:13|codec:402:11,confirmed_binary_and_builder_logic,,,,,402,no,2992,per_gcx_size_preserved; no record relocation,,
codec,,,1,게그는데렇말했,게그는데렇말,6,했,1,64,0,0,0,0,0,8,1,64,-8,0,,,,0,56,codec:407:23,confirmed_binary_and_builder_logic,,,,,407,no,2228,per_gcx_size_preserved; no record relocation,,
codec,,,2,겠니대싫아어절,겠니대아어절,6,싫,1,64,0,0,0,0,0,2,1,64,-2,2,,,,0,62,codec:414:14|codec:414:13,confirmed_binary_and_builder_logic,,,,,414,no,2240,per_gcx_size_preserved; no record relocation,,
codec,,,1,로블야어이제지쩌,로야어이제지,6,블쩌,2,128,0,0,0,0,0,0,2,128,4,4,,,,0,132,codec:417:10,confirmed_binary_and_builder_logic,,,,,417,no,2656,per_gcx_size_preserved; no record relocation,,
codec,,,1,군상이하흠,군상이하,4,흠,1,64,0,0,0,0,0,7,1,64,-7,0,,,,0,57,codec:419:13,confirmed_binary_and_builder_logic,,,,,419,no,2056,per_gcx_size_preserved; no record relocation,,
codec,,,3,골로바응,로바응,3,골,1,64,0,0,0,0,0,4,1,64,-4,0,,,,0,60,codec:427:26|codec:427:22|codec:427:10,confirmed_binary_and_builder_logic,,,,,427,no,3012,per_gcx_size_preserved; no record relocation,,
codec,,,1,겠군그내럼몸못보알은,겠군그내못보알은,8,럼몸,2,128,0,0,0,0,0,18,2,128,-18,0,,,,0,110,codec:438:12,confirmed_binary_and_builder_logic,,,,,438,no,2784,per_gcx_size_preserved; no record relocation,,
codec,,,4,같거네는니다담롭몸배습야에연은해흡,같거네는니다습야에은해,11,담롭몸배연흡,6,384,0,0,0,0,0,7,6,384,-7,0,,,,0,377,codec:440:24|codec:440:79|codec:440:16|codec:440:28,confirmed_binary_and_builder_logic,,,,,440,no,5548,per_gcx_size_preserved; no record relocation,,
codec,,,8,가각게과나네는도라뭔생어요이있플,가게나네는도라어요이있,11,각과뭔생플,5,320,0,0,0,0,0,60,5,320,-60,0,,,,0,260,codec:441:31|codec:441:72|codec:441:16|codec:441:13|codec:441:75|codec:441:44|codec:441:17|codec:441:29,confirmed_binary_and_builder_logic,,,,,441,no,5004,per_gcx_size_preserved; no record relocation,,
codec,,,19,가거건걸게고교그기긴까나내네는니다데도두들라란람러런럼렇련로르를리마면모몰무뭐바반법보봐사생서설세셨소수습시쓸아않알앞야어없엇에여염오올요용움으은을의이인일입있잖적좋죠주줄지찾하합해행형확흔힘,가거건게고그기까나내네는니다데도들라람러런렇로르를리마면무뭐바법보봐사서설세소수습시아않알야어없에여올요으은을의이인일입있적좋줄지하해행,68,걸교긴두란럼련모몰반생셨쓸앞엇염오용움잖죠주찾합형확흔힘,28,1792,0,0,0,0,0,173,28,1792,-173,20,,,,0,1619,codec:444:480|codec:444:485|codec:444:486|codec:444:484|codec:444:482|codec:444:496|codec:444:489|codec:444:490|codec:444:487|codec:444:477|codec:444:495|codec:444:491|codec:444:492|codec:444:481|codec:444:479|codec:444:488|codec:444:483|codec:444:493|codec:444:494,confirmed_binary_and_builder_logic,,,,,444,no,173740,per_gcx_size_preserved; no record relocation,,
codec,,,1,동명물발술,명물,2,동발술,3,192,0,0,0,0,0,66,3,192,-66,0,,,,0,126,codec:445:3,confirmed_binary_and_builder_logic,,,,,445,no,1820,per_gcx_size_preserved; no record relocation,,
codec,,,2,거는섞야에연이자,거는야에이자,6,섞연,2,128,0,0,0,0,0,26,2,128,-26,0,,,,0,102,codec:451:11|codec:451:15,confirmed_binary_and_builder_logic,,,,,451,no,3184,per_gcx_size_preserved; no record relocation,,
codec,,,1,꺼내서아에은의이템,내서아에은의이,7,꺼템,2,128,0,0,0,0,0,47,2,128,-47,0,,,,0,81,codec:452:13,confirmed_binary_and_builder_logic,,,,,452,no,2500,per_gcx_size_preserved; no record relocation,,
codec,,,1,게기람려를면무사서선섹션에을의장착택하해,게기람려를면무사서션에을의하해,15,선섹장착택,5,320,0,0,0,0,0,19,5,320,-19,0,,,,0,301,codec:453:10,confirmed_binary_and_builder_logic,,,,,453,no,3920,per_gcx_size_preserved; no record relocation,,
codec,,,1,가경과능니다로방으이전정조준한합확후,가니다로방으이정조한후,11,경과능전준합확,7,448,0,0,0,0,0,1,7,448,-1,0,,,,0,447,codec:455:15,confirmed_binary_and_builder_logic,,,,,455,no,3524,per_gcx_size_preserved; no record relocation,,
codec,,,1,그때럴를써,그때럴를,4,써,1,64,0,0,0,0,0,13,1,64,-13,0,,,,0,51,codec:457:11,confirmed_binary_and_builder_logic,,,,,457,no,2980,per_gcx_size_preserved; no record relocation,,
codec,,,1,다도들류만며수썼와은의적정탄,다도들만수와은의적정,10,류며썼탄,4,256,0,0,0,0,0,59,4,256,-59,0,,,,0,197,codec:458:14,confirmed_binary_and_builder_logic,,,,,458,no,3344,per_gcx_size_preserved; no record relocation,,
codec,,,1,고려로맞요추칼,고려로요,4,맞추칼,3,192,0,0,0,0,0,7,3,192,-7,0,,,,0,185,codec:462:13,confirmed_binary_and_builder_logic,,,,,462,no,2960,per_gcx_size_preserved; no record relocation,,
codec,,,1,경는다를보입자장찾치침,는다를보입자,6,경장찾치침,5,320,0,0,0,0,0,27,5,320,-27,0,,,,0,293,codec:464:10,confirmed_binary_and_builder_logic,,,,,464,no,3288,per_gcx_size_preserved; no record relocation,,
codec,,,2,건그런방법선어없외이적피할,건그런방법어없이적할,10,선외피,3,192,0,0,0,0,0,25,3,192,-25,0,,,,0,167,codec:465:13|codec:465:11,confirmed_binary_and_builder_logic,,,,,465,no,3000,per_gcx_size_preserved; no record relocation,,
codec,,,2,감기쁨정,기정,2,감쁨,2,128,0,0,0,0,0,7,2,128,-7,0,,,,0,121,codec:466:11|codec:466:18,confirmed_binary_and_builder_logic,,,,,466,no,3052,per_gcx_size_preserved; no record relocation,,
codec,,,3,가개고다던동발식에여요이참판하했,가개고다에여요이하,9,던동발식참판했,7,448,0,0,0,0,0,80,7,448,-80,0,,,,0,368,codec:468:42|codec:468:13|codec:468:10,confirmed_binary_and_builder_logic,,,,,468,no,3936,per_gcx_size_preserved; no record relocation,,
codec,,,1,가것그나는니다대를리말무슨습시아얹에요을지크탱해했,가것그나는니다대를리말무슨습시아에요을지크해,22,얹탱했,3,192,0,0,0,0,0,9,3,192,-9,0,,,,0,183,codec:469:10,confirmed_binary_and_builder_logic,,,,,469,no,3820,per_gcx_size_preserved; no record relocation,,
codec,,,1,가고기다발송신었에의있,가고기다었에의있,8,발송신,3,192,0,0,0,0,0,20,3,192,-20,0,,,,0,172,codec:480:10,confirmed_binary_and_builder_logic,,,,,480,no,2776,per_gcx_size_preserved; no record relocation,,
codec,,,1,니다사용은을총탄합환,니다사은을,5,용총탄합환,5,320,0,0,0,0,0,0,5,320,2,2,,,,0,322,codec:481:12,confirmed_binary_and_builder_logic,,,,,481,no,2504,per_gcx_size_preserved; no record relocation,,
codec,,,1,군마얻었을총취형,군마었을,4,얻총취형,4,256,0,0,0,0,0,30,4,256,-30,0,,,,0,226,codec:483:10,confirmed_binary_and_builder_logic,,,,,483,no,2944,per_gcx_size_preserved; no record relocation,,
codec,,,1,건고녹라물손수신아약요웃을이적,건고라물수아요을이적,10,녹손신약웃,5,320,0,0,0,0,0,18,5,320,-18,0,,,,0,302,codec:485:10,confirmed_binary_and_builder_logic,,,,,485,no,2820,per_gcx_size_preserved; no record relocation,,
codec,,,1,꼭보세요지켜,보세요지,4,꼭켜,2,128,0,0,0,0,0,15,2,128,-15,0,,,,0,113,codec:488:12,confirmed_binary_and_builder_logic,,,,,488,no,2032,per_gcx_size_preserved; no record relocation,,
codec,,,2,금다만불빛세숙시요원은이익적조지해횃,금다만세숙시요원은이익적조지해,15,불빛횃,3,192,0,0,0,0,0,17,3,192,-17,0,,,,0,175,codec:492:10|codec:492:17,confirmed_binary_and_builder_logic,,,,,492,no,3484,per_gcx_size_preserved; no record relocation,,
codec,,,3,가강개건구금는니닙다도됩두로론류를물성수스쓸아의이자철체케탄,가개건금는니다도로를물성수스아의이자,18,강구닙됩두론류쓸철체케탄,12,768,0,0,0,0,0,13,12,768,-13,0,,,,0,755,codec:494:10|codec:494:18|codec:494:12,confirmed_binary_and_builder_logic,,,,,494,no,4744,per_gcx_size_preserved; no record relocation,,
codec,,,2,글당따라렀로를린마몸백불붙서수시실앞에엔의이자지,라로를마서수시에엔의이자지,13,글당따렀린몸백불붙실앞,11,704,0,0,0,0,0,81,11,704,-81,0,,,,0,623,codec:495:13|codec:495:18,confirmed_binary_and_builder_logic,,,,,495,no,3644,per_gcx_size_preserved; no record relocation,,
codec,,,2,는도랐몰물실쓰야어에은이일전줄질,는도물야어에은이일줄,10,랐몰실쓰전질,6,384,0,0,0,0,0,48,6,384,-48,0,,,,0,336,codec:497:18|codec:497:20,confirmed_binary_and_builder_logic,,,,,497,no,5284,per_gcx_size_preserved; no record relocation,,
codec,,,1,각군를생쓸이,군를이,3,각생쓸,3,192,0,0,0,0,0,11,3,192,-11,0,,,,0,181,codec:498:10,confirmed_binary_and_builder_logic,,,,,498,no,3200,per_gcx_size_preserved; no record relocation,,
codec,,,1,던져,,0,던져,2,128,0,0,0,0,0,4,2,128,-4,0,,,,0,124,codec:500:14,confirmed_binary_and_builder_logic,,,,,500,no,2536,per_gcx_size_preserved; no record relocation,,
codec,,,1,경계고군사시쌍안요용을하,계고군사시안요을하,9,경쌍용,3,192,0,0,0,0,0,7,3,192,-7,0,,,,0,185,codec:501:10,confirmed_binary_and_builder_logic,,,,,501,no,2772,per_gcx_size_preserved; no record relocation,,
codec,,,2,건군그는를말뭐봐시씀야요이하,건군그는를말뭐봐시야요이하,13,씀,1,64,0,0,0,0,0,14,1,64,-14,4,,,,0,50,codec:504:10|codec:504:17,confirmed_binary_and_builder_logic,,,,,504,no,4584,per_gcx_size_preserved; no record relocation,,
codec,,,1,는디사서어언용의제주지하해,는디사서어의제지하해,10,언용주,3,192,0,0,0,0,0,12,3,192,-12,0,,,,0,180,codec:509:14,confirmed_binary_and_builder_logic,,,,,509,no,2720,per_gcx_size_preserved; no record relocation,,
codec,,,1,,,0,,0,0,0,0,0,0,0,0,0,0,1,1,,,,0,1,codec:510:34,confirmed_binary_and_builder_logic,,,,,510,no,4076,per_gcx_size_preserved; no record relocation,,
codec,,,1,기류수절탄,기수절,3,류탄,2,128,0,0,0,0,0,2,2,128,-2,0,,,,0,126,codec:515:10,confirmed_binary_and_builder_logic,,,,,515,no,1904,per_gcx_size_preserved; no record relocation,,
codec,,,1,니도뚫벽심으조해,니도심으조해,6,뚫벽,2,128,0,0,0,0,0,26,2,128,-26,0,,,,0,102,codec:517:12,confirmed_binary_and_builder_logic,,,,,517,no,2116,per_gcx_size_preserved; no record relocation,,
codec,,,1,과니다릅만보비슷아요이지해,니다만보아요이지해,9,과릅비슷,4,256,0,0,0,0,0,16,4,256,-16,0,,,,0,240,codec:522:10,confirmed_binary_and_builder_logic,,,,,522,no,2692,per_gcx_size_preserved; no record relocation,,
codec,,,3,개격견계공과기는니다대도되로록부사세습쓰었에였용으은이쟁적전정차탄터폭,개계기는니다대도되로록부사세습었에으은이적정터,23,격견공과쓰였용쟁전차탄폭,12,768,0,0,0,0,0,47,12,768,-47,0,,,,0,721,codec:528:12|codec:528:15|codec:528:10,confirmed_binary_and_builder_logic,,,,,528,no,4684,per_gcx_size_preserved; no record relocation,,
codec,,,2,개계글니다대두란름리많머발서세습약어에와왔은을의이자전제차쳤펼활,개계니다대리머서세습어에와왔은을의이자제,20,글두란름많발약전차쳤펼활,12,768,0,0,0,0,0,20,12,768,-20,1,,,,0,748,codec:531:11|codec:531:13,confirmed_binary_and_builder_logic,,,,,531,no,4432,per_gcx_size_preserved; no record relocation,,
codec,,,1,벌심알을조총해,심알을조해,5,벌총,2,128,0,0,0,0,0,16,2,128,-16,0,,,,0,112,codec:537:10,confirmed_binary_and_builder_logic,,,,,537,no,3204,per_gcx_size_preserved; no record relocation,,
codec,,,1,그럼로를수어으있줄총,그로를수어으있줄,8,럼총,2,128,0,0,0,0,0,19,2,128,-19,0,,,,0,109,codec:538:13,confirmed_binary_and_builder_logic,,,,,538,no,2740,per_gcx_size_preserved; no record relocation,,
codec,,,2,구니다도면부수술습어연의일있전종쩌,니다도면부수습어의일있,11,구술연전종쩌,6,384,0,0,0,0,0,11,6,384,-11,0,,,,0,373,codec:543:11|codec:543:12,confirmed_binary_and_builder_logic,,,,,543,no,3212,per_gcx_size_preserved; no record relocation,,
codec,,,2,개공그기년다대래랫비였용유은의인지폼플한항행형,개그기다대래유은의인지한행,13,공년랫비였용폼플항형,10,640,0,0,0,0,0,15,10,640,-15,0,,,,0,625,codec:548:10|codec:548:12,confirmed_binary_and_builder_logic,,,,,548,no,4240,per_gcx_size_preserved; no record relocation,,
codec,,,1,는대쓴위을장,는대위을,4,쓴장,2,128,0,0,0,0,0,30,2,128,-30,0,,,,0,98,codec:553:10,confirmed_binary_and_builder_logic,,,,,553,no,2420,per_gcx_size_preserved; no record relocation,,
codec,,,1,갖고를있지,고를있지,4,갖,1,64,0,0,0,0,0,15,1,64,-15,0,,,,0,49,codec:560:10,confirmed_binary_and_builder_logic,,,,,560,no,2476,per_gcx_size_preserved; no record relocation,,
codec,,,1,가까너려로면무버시우으이적즉,가까려로면무버시우으이적,12,너즉,2,128,0,0,0,0,0,45,2,128,-45,0,,,,0,83,codec:564:14,confirmed_binary_and_builder_logic,,,,,564,no,2824,per_gcx_size_preserved; no record relocation,,
codec,,,1,니대듣료를쓴액연자체,니대듣를자,5,료쓴액연체,5,320,0,0,0,0,0,28,5,320,-28,0,,,,0,292,codec:574:12,confirmed_binary_and_builder_logic,,,,,574,no,2464,per_gcx_size_preserved; no record relocation,,
codec,,,2,가개군기능니다던두련만모못미성소습야양에은이있준지쳤하,가개군기니다만못미성소습야에은이있지하,19,능던두련모양준쳤,8,512,0,0,0,0,0,48,8,512,-48,0,,,,0,464,codec:586:11|codec:586:17,confirmed_binary_and_builder_logic,,,,,586,no,3980,per_gcx_size_preserved; no record relocation,,
codec,,,3,겠괜농니닙다담무세슨아알에요으이일찮,겠니다무세슨아알에요으이일,13,괜농닙담찮,5,320,0,0,0,0,0,0,5,320,3,9,,,,0,323,codec:598:88|codec:598:12|codec:598:10,confirmed_binary_and_builder_logic,,,,,598,no,6408,per_gcx_size_preserved; no record relocation,,
codec,,,1,료를서설액야얻에연요은체치크탱해,를서설야에요은크해,9,료액얻연체치탱,7,448,0,0,0,0,0,21,7,448,-21,0,,,,0,427,codec:599:10,confirmed_binary_and_builder_logic,,,,,599,no,3148,per_gcx_size_preserved; no record relocation,,
codec,,,1,각건드를리면산야이조,건드를리면야이조,8,각산,2,128,0,0,0,0,0,8,2,128,-8,0,,,,0,120,codec:600:12,confirmed_binary_and_builder_logic,,,,,600,no,2528,per_gcx_size_preserved; no record relocation,,
codec,,,1,를봐써,를봐,2,써,1,64,0,0,0,0,0,4,1,64,-4,0,,,,0,60,codec:606:10,confirmed_binary_and_builder_logic,,,,,606,no,1872,per_gcx_size_preserved; no record relocation,,
codec,,,1,걸는들마만쓰지총취키,는들마만지키,6,걸쓰총취,4,256,0,0,0,0,0,26,4,256,-26,0,,,,0,230,codec:616:12,confirmed_binary_and_builder_logic,,,,,616,no,2384,per_gcx_size_preserved; no record relocation,,
codec,,,1,놈들로막아와을,들로아와을,5,놈막,2,128,0,0,0,0,0,18,2,128,-18,0,,,,0,110,codec:625:13,confirmed_binary_and_builder_logic,,,,,625,no,2396,per_gcx_size_preserved; no record relocation,,
codec,,,1,너동무반심아열이짧총해,무심아이해,5,너동반열짧총,6,384,0,0,0,0,0,43,6,384,-43,0,,,,0,341,codec:632:12,confirmed_binary_and_builder_logic,,,,,632,no,2548,per_gcx_size_preserved; no record relocation,,
codec,,,1,가격공면받으을,가면으을,4,격공받,3,192,0,0,0,0,0,10,3,192,-10,0,,,,0,182,codec:634:10,confirmed_binary_and_builder_logic,,,,,634,no,2124,per_gcx_size_preserved; no record relocation,,
codec,,,1,도돼말안정,도말안정,4,돼,1,64,0,0,0,0,0,0,1,64,1,1,,,,0,65,codec:639:15,confirmed_binary_and_builder_logic,,,,,639,no,3988,per_gcx_size_preserved; no record relocation,,
codec,,,2,것관니다달문어없에은이입장제조한현,것니다문어없에은이입제조한,13,관달장현,4,256,0,0,0,0,0,7,4,256,-7,0,,,,0,249,codec:642:16|codec:642:10,confirmed_binary_and_builder_logic,,,,,642,no,3424,per_gcx_size_preserved; no record relocation,,
codec,,,3,네는달도레사시실아안았어에요용은을이있작저지탄트피하험,네는도사시아안았어에요은을이있저지하험,19,달레실용작탄트피,8,512,0,0,0,0,0,62,8,512,-62,0,,,,0,450,codec:643:10|codec:643:17|codec:643:22,confirmed_binary_and_builder_logic,,,,,643,no,4060,per_gcx_size_preserved; no record relocation,,
codec,,,1,갖고군을있,고군을있,4,갖,1,64,0,0,0,0,0,7,1,64,-7,0,,,,0,57,codec:648:10,confirmed_binary_and_builder_logic,,,,,648,no,1928,per_gcx_size_preserved; no record relocation,,
codec,,,6,가간같거건것교구그글난능니다도독되드로를링망머문반상솜습쎄씨야약었에완요원위은의이일입적전정제창체총프한할해홀히,가간같거건것그난니다도되드로를머문상습야었에요원위은의이일입적정제프한할해히,38,교구글능독링망반솜쎄씨약완전창체총홀,18,1152,0,0,0,0,0,105,18,1152,-105,6,,,,0,1047,codec:652:10|codec:652:20|codec:652:17|codec:652:15|codec:652:32|codec:652:31,confirmed_binary_and_builder_logic,,,,,652,no,7264,per_gcx_size_preserved; no record relocation,,
codec,,,3,가거나났내는디를리말사서았어요용죠지찾트패하했,가거나내는디를리말사서았어요지하,16,났용죠찾트패했,7,448,0,0,0,0,0,11,7,448,-11,5,,,,0,437,codec:654:14|codec:654:46|codec:654:10,confirmed_binary_and_builder_logic,,,,,654,no,4016,per_gcx_size_preserved; no record relocation,,
codec,,,6,가개거겠그니다도들렇련로마만면명문발본소아어없으은을이있자적제죠중지체탄했,가개거겠그니다도들렇로마만면명문본소아어없으은을이있자적제지,30,련발죠중체탄했,7,448,0,0,0,0,0,52,7,448,-52,3,,,,0,396,codec:655:49|codec:655:12|codec:655:59|codec:655:25|codec:655:16|codec:655:26,confirmed_binary_and_builder_logic,,,,,655,no,5168,per_gcx_size_preserved; no record relocation,,
codec,,,4,각건검것과그낸는니다달도된들라로리많반보봐불색생소습써아였위으은이일입잘총해,건것그는니다도들라로리보봐소습아위으은이일입잘해,24,각검과낸달된많반불색생써였총,14,896,0,0,0,0,0,63,14,896,-63,0,,,,0,833,codec:656:20|codec:656:28|codec:656:22|codec:656:15,confirmed_binary_and_builder_logic,,,,,656,no,5636,per_gcx_size_preserved; no record relocation,,
codec,,,2,갖계고년됐성시에완은을죠첫,계고됐성시에은을,8,갖년완죠첫,5,320,0,0,0,0,0,16,5,320,-16,0,,,,0,304,codec:657:10|codec:657:12,confirmed_binary_and_builder_logic,,,,,657,no,3300,per_gcx_size_preserved; no record relocation,,
codec,,,3,갖계고국군꿔는대로미바부분서설수시쓸야요은을의이있제품,계고군는대로미바부분서설수시야요은을의이있제,22,갖국꿔쓸품,5,320,0,0,0,0,0,49,5,320,-49,0,,,,0,271,codec:658:10|codec:658:11|codec:658:15,confirmed_binary_and_builder_logic,,,,,658,no,5912,per_gcx_size_preserved; no record relocation,,
codec,,,3,갖격계고군는니다동랫러를소습시아안었였오요은이저준총표,계고군는니다러를소습시아안었요은이저,18,갖격동랫였오준총표,9,576,0,0,0,0,0,43,9,576,-43,2,,,,0,533,codec:659:10|codec:659:13|codec:659:35,confirmed_binary_and_builder_logic,,,,,659,no,4136,per_gcx_size_preserved; no record relocation,,
codec,,,2,가것고는능도배서쏘율을절조하해,가것고는도서을절조하해,11,능배쏘율,4,256,0,0,0,0,0,44,4,256,-44,0,,,,0,212,codec:660:15|codec:660:12,confirmed_binary_and_builder_logic,,,,,660,no,2980,per_gcx_size_preserved; no record relocation,,
codec,,,6,가개게겨귀까나낙는니다돼되로마발사산생서성습씩아안었에여연용일점져조주지프하한,가개게까나는니다되로마사서성습아안었에여일점조지프하한,27,겨귀낙돼발산생씩연용져주,12,768,0,0,0,0,0,58,12,768,-58,5,,,,0,710,codec:661:16|codec:661:50|codec:661:23|codec:661:14|codec:661:27|codec:661:19,confirmed_binary_and_builder_logic,,,,,661,no,5296,per_gcx_size_preserved; no record relocation,,
codec,,,4,경그는더도돼두럴로리맞면보수쏠아않약어없에을있적정조준지탄폭표확히,그는더도럴로리면보수아않어없에을있적정조지히,22,경돼두맞쏠약준탄폭표확,11,704,0,0,0,0,0,70,11,704,-70,0,,,,0,634,codec:662:57|codec:662:14|codec:662:18|codec:662:20,confirmed_binary_and_builder_logic,,,,,662,no,5340,per_gcx_size_preserved; no record relocation,,
codec,,,3,가같것군돼로를머발설성소수아어얻었와요이있장좀치타특폭한,가같것군로를머설성소수아어었와요이있특한,20,돼발얻장좀치타폭,8,512,0,0,0,0,0,27,8,512,-27,0,,,,0,485,codec:663:10|codec:663:12|codec:663:15,confirmed_binary_and_builder_logic,,,,,663,no,4064,per_gcx_size_preserved; no record relocation,,
codec,,,5,거게고놓는다도된런렇로뢰복서설수식심어울으은이있적제주지치포한할해회,거게고는다도런렇로서설수심어으은이있적제지포한할해,25,놓된뢰복식울주치회,9,576,0,0,0,0,0,256,9,576,-256,0,,,,0,320,codec:666:22|codec:666:26|codec:666:20|codec:666:52|codec:666:19,confirmed_binary_and_builder_logic,,,,,666,no,5512,per_gcx_size_preserved; no record relocation,,
codec,,,1,거군기는류상수에요이있탄한,거군기는상수에요이있한,11,류탄,2,128,0,0,0,0,0,5,2,128,-5,0,,,,0,123,codec:667:10,confirmed_binary_and_builder_logic,,,,,667,no,2880,per_gcx_size_preserved; no record relocation,,
codec,,,2,갖결고과군노는든랑를만물야약연을의이있자정합해화,고군는를만물야을의이있자정해,14,갖결과노든랑약연합화,10,640,0,0,0,0,0,41,10,640,-41,0,,,,0,599,codec:668:10|codec:668:11,confirmed_binary_and_builder_logic,,,,,668,no,4116,per_gcx_size_preserved; no record relocation,,
codec,,,2,갖고구나는다달덫렸로봐실에운을이있잡제쥐지,고나는다로봐에을이있잡제지,13,갖구달덫렸실운쥐,8,512,0,0,0,0,0,48,8,512,-48,0,,,,0,464,codec:670:10|codec:670:14,confirmed_binary_and_builder_logic,,,,,670,no,3756,per_gcx_size_preserved; no record relocation,,
codec,,,1,그뭐봐야옷은이,그뭐봐야은이,6,옷,1,64,0,0,0,0,0,13,1,64,-13,0,,,,0,51,codec:674:10,confirmed_binary_and_builder_logic,,,,,674,no,3284,per_gcx_size_preserved; no record relocation,,
codec,,,3,거근기는다려로뢰를리면비사소알용장죠준지처탐하,거근기는다려로를리면사소알지하,15,뢰비용장죠준처탐,8,512,0,0,0,0,0,62,8,512,-62,0,,,,0,450,codec:675:17|codec:675:10|codec:675:11,confirmed_binary_and_builder_logic,,,,,675,no,3784,per_gcx_size_preserved; no record relocation,,
codec,,,4,갑걸그기래마명쓰어온왜운음이자졌평해,그기래마명어왜음이자해,11,갑걸쓰온운졌평,7,448,0,0,0,0,0,103,7,448,-103,0,,,,0,345,codec:676:54|codec:676:12|codec:676:15|codec:676:16,confirmed_binary_and_builder_logic,,,,,676,no,4192,per_gcx_size_preserved; no record relocation,,
codec,,,5,게경과나도딕라러련메몰무물보슨야어었에요이일있자패항효,게나도라러무물보슨야어었에요이일있자,18,경과딕련메몰패항효,9,576,0,0,0,0,0,8,9,576,-8,5,,,,0,568,codec:680:31|codec:680:23|codec:680:24|codec:680:20|codec:680:25,confirmed_binary_and_builder_logic,,,,,680,no,5528,per_gcx_size_preserved; no record relocation,,
codec,,,2,단면비은일장하,면은일하,4,단비장,3,192,0,0,0,0,0,10,3,192,-10,0,,,,0,182,codec:681:21|codec:681:25,confirmed_binary_and_builder_logic,,,,,681,no,4496,per_gcx_size_preserved; no record relocation,,
codec,,,2,고대라로맘뭐해,고대라로뭐해,6,맘,1,64,0,0,0,0,0,22,1,64,-22,0,,,,0,42,codec:684:13|codec:684:17,confirmed_binary_and_builder_logic,,,,,684,no,2284,per_gcx_size_preserved; no record relocation,,
codec,,,1,가거남대던래베병야원입트해,가거대래야원입해,8,남던베병트,5,320,0,0,0,0,0,18,5,320,-18,0,,,,0,302,codec:688:11,confirmed_binary_and_builder_logic,,,,,688,no,2708,per_gcx_size_preserved; no record relocation,,
codec,,,1,같것낵스은차,같것스은,4,낵차,2,128,0,0,0,0,0,5,2,128,-5,0,,,,0,123,codec:695:31,confirmed_binary_and_builder_logic,,,,,695,no,4972,per_gcx_size_preserved; no record relocation,,
codec,,,2,건게그다도든라래만몰물뭐뭔야옷이잘진,건게그다도라래만물뭐야이잘,13,든몰뭔옷진,5,320,0,0,0,0,0,40,5,320,-40,0,,,,0,280,codec:710:13|codec:710:11,confirmed_binary_and_builder_logic,,,,,710,no,3208,per_gcx_size_preserved; no record relocation,,
codec,,,2,금뭘어었입지,금어었입지,5,뭘,1,64,0,0,0,0,0,12,1,64,-12,0,,,,0,52,codec:721:11|codec:721:10,confirmed_binary_and_builder_logic,,,,,721,no,2380,per_gcx_size_preserved; no record relocation,,
codec,,,2,게뭐술야어얻었에위은장저지,게뭐야어었에위은저지,10,술얻장,3,192,0,0,0,0,0,21,3,192,-21,0,,,,0,171,codec:722:11|codec:722:10,confirmed_binary_and_builder_logic,,,,,722,no,2632,per_gcx_size_preserved; no record relocation,,
codec,,,1,봉아,아,1,봉,1,64,0,0,0,0,0,1,1,64,-1,0,,,,0,63,codec:723:26,confirmed_binary_and_builder_logic,,,,,723,no,2876,per_gcx_size_preserved; no record relocation,,
codec,,,1,가끼니다서습에왔요이져,가니다서습에왔요이,9,끼져,2,128,0,0,0,0,0,2,2,128,-2,0,,,,0,126,codec:724:11,confirmed_binary_and_builder_logic,,,,,724,no,2536,per_gcx_size_preserved; no record relocation,,
codec,,,3,군그는를만모보상쓸어여응이있지하한했,군그는를만보상어여응이있지하한,15,모쓸했,3,192,0,0,0,0,0,22,3,192,-22,0,,,,0,170,codec:726:38|codec:726:10|codec:726:12,confirmed_binary_and_builder_logic,,,,,726,no,3136,per_gcx_size_preserved; no record relocation,,
codec,,,1,가건떤어인저,가건어인저,5,떤,1,64,0,0,0,0,0,7,1,64,-7,0,,,,0,57,codec:727:10,confirmed_binary_and_builder_logic,,,,,727,no,2424,per_gcx_size_preserved; no record relocation,,
codec,,,1,군당미술신쓴요응이친,군미요응이,5,당술신쓴친,5,320,0,0,0,0,0,12,5,320,-12,0,,,,0,308,codec:728:10,confirmed_binary_and_builder_logic,,,,,728,no,2380,per_gcx_size_preserved; no record relocation,,
codec,,,6,가그냐덱래면뭐미스안왜이인쿼,가그래면뭐미스안왜이인,11,냐덱쿼,3,192,0,0,0,0,0,78,3,192,-78,2,,,,0,114,codec:729:42|codec:729:43|codec:729:33|codec:729:70|codec:729:64|codec:729:32,confirmed_binary_and_builder_logic,,,,,729,no,4952,per_gcx_size_preserved; no record relocation,,
codec,,,2,결국됐리만버소아않았은잖지진취하,됐리만버소아않았은지하,11,결국잖진취,5,320,0,0,0,0,0,19,5,320,-19,0,,,,0,301,codec:747:14|codec:747:16,confirmed_binary_and_builder_logic,,,,,747,no,3000,per_gcx_size_preserved; no record relocation,,
codec,,,2,그까니다떻렇론물술습어은입,그까니다떻렇물습어은입,11,론술,2,128,0,0,0,0,0,2,2,128,-2,0,,,,0,126,codec:750:11|codec:750:15,confirmed_binary_and_builder_logic,,,,,750,no,2780,per_gcx_size_preserved; no record relocation,,
codec,,,3,가격군궁그금네녀는니다디런배법사서어영요웠을지집촬하해,가군그금네녀는니다디런법사서어요을지하해,20,격궁배영웠집촬,7,448,0,0,0,0,0,22,7,448,-22,0,,,,0,426,codec:752:42|codec:752:20|codec:752:31,confirmed_binary_and_builder_logic,,,,,752,no,4148,per_gcx_size_preserved; no record relocation,,
codec,,,2,가것네다른야없은,가것네다야없은,7,른,1,64,0,0,0,0,0,0,1,64,0,4,,,,0,64,codec:757:11|codec:757:12,confirmed_binary_and_builder_logic,,,,,757,no,2788,per_gcx_size_preserved; no record relocation,,
codec,,,1,선외적,적,1,선외,2,128,0,0,0,0,0,8,2,128,-8,0,,,,0,120,codec:767:2895,confirmed_binary_and_builder_logic,,,,,767,no,305412,per_gcx_size_preserved; no record relocation,,
codec,,,2,겠니다드르릴말모수습씀어없었,겠니다드르말수습어없었,11,릴모씀,3,192,0,0,0,0,0,0,3,192,1,5,,,,0,193,codec:779:3335|codec:779:585,confirmed_binary_and_builder_logic,,,,,779,no,302344,per_gcx_size_preserved; no record relocation,,
codec,,,1,는니다단독럼입작잠전처,는니다입,4,단독럼작잠전처,7,448,0,0,0,0,0,11,7,448,-11,0,,,,0,437,codec:830:14,confirmed_binary_and_builder_logic,,,,,830,no,3044,per_gcx_size_preserved; no record relocation,,
codec,,,1,간과니다달리야입작전,간니다리야입,6,과달작전,4,256,0,0,0,0,0,15,4,256,-15,0,,,,0,241,codec:831:14,confirmed_binary_and_builder_logic,,,,,831,no,3164,per_gcx_size_preserved; no record relocation,,
codec,,,1,간과끝난는달라만몇시에,간난는라만시에,7,과끝달몇,4,256,0,0,0,0,0,56,4,256,-56,0,,,,0,200,codec:833:14,confirmed_binary_and_builder_logic,,,,,833,no,3584,per_gcx_size_preserved; no record relocation,,
codec,,,1,가능리불어없에이잡해힐,가리어없에이잡해,8,능불힐,3,192,0,0,0,0,0,42,3,192,-42,0,,,,0,150,codec:841:15,confirmed_binary_and_builder_logic,,,,,841,no,3204,per_gcx_size_preserved; no record relocation,,
codec,,,1,금다없은이정제지진총,금다없은이정제지,8,진총,2,128,0,0,0,0,0,20,2,128,-20,0,,,,0,108,codec:843:14,confirmed_binary_and_builder_logic,,,,,843,no,3164,per_gcx_size_preserved; no record relocation,,
codec,,,3,간그럼시은,간그시은,4,럼,1,64,0,0,0,0,0,7,1,64,-7,0,,,,0,57,codec:849:39|codec:849:33|codec:849:47,confirmed_binary_and_builder_logic,,,,,849,no,3000,per_gcx_size_preserved; no record relocation,,
codec,,,1,그까녀를믿수을있,그까녀를믿수을있,8,,0,0,0,0,0,0,0,0,0,0,5,5,,,,0,5,codec:854:17,confirmed_binary_and_builder_logic,,,,,854,no,4624,per_gcx_size_preserved; no record relocation,,
codec,,,1,가다벼워지,가다지,3,벼워,2,128,0,0,0,0,0,0,2,128,0,0,,,,0,128,codec:859:17,confirmed_binary_and_builder_logic,,,,,859,no,2704,per_gcx_size_preserved; no record relocation,,
codec,,,1,그럼,그,1,럼,1,64,0,0,0,0,0,10,1,64,-10,0,,,,0,54,codec:861:18,confirmed_binary_and_builder_logic,,,,,861,no,2628,per_gcx_size_preserved; no record relocation,,
codec,,,1,괜나찮,나,1,괜찮,2,128,0,0,0,0,0,4,2,128,-4,0,,,,0,124,codec:898:24,confirmed_binary_and_builder_logic,,,,,898,no,4452,per_gcx_size_preserved; no record relocation,,
codec,,,1,과나를면숲와이통하,나를면숲와이하,7,과통,2,128,0,0,0,0,0,30,2,128,-30,0,,,,0,98,codec:909:15,confirmed_binary_and_builder_logic,,,,,909,no,2872,per_gcx_size_preserved; no record relocation,,
codec,,,1,가갔끌려어,가려어,3,갔끌,2,128,0,0,0,0,0,7,2,128,-7,0,,,,0,121,codec:911:14,confirmed_binary_and_builder_logic,,,,,911,no,2840,per_gcx_size_preserved; no record relocation,,
codec,,,3,님려령문소안열은이,려령문소안은이,7,님열,2,128,0,0,0,0,0,7,2,128,-7,0,,,,0,121,codec:927:25|codec:927:24|codec:927:30,confirmed_binary_and_builder_logic,,,,,927,no,4460,per_gcx_size_preserved; no record relocation,,
codec,,,1,게글도먹부쎄을족지질해,게도부을지해,6,글먹쎄족질,5,320,0,0,0,0,0,56,5,320,-56,0,,,,0,264,codec:956:14,confirmed_binary_and_builder_logic,,,,,956,no,3364,per_gcx_size_preserved; no record relocation,,
codec,,,6,각군그까랬말상생왜을이정한,군그까랬말상왜을이정한,11,각생,2,128,0,0,0,0,0,70,2,128,-70,0,,,,0,58,codec:992:31|codec:992:32|codec:992:33|codec:992:34|codec:992:55|codec:992:16,confirmed_binary_and_builder_logic,,,,,992,no,3528,per_gcx_size_preserved; no record relocation,,
codec,,,2,가널는로버터텨,가는로버터,5,널텨,2,128,0,0,0,0,0,5,2,128,-5,0,,,,0,123,codec:999:14|codec:999:19,confirmed_binary_and_builder_logic,,,,,999,no,2908,per_gcx_size_preserved; no record relocation,,
codec,,,1,농니닙다담아이,니다아이,4,농닙담,3,192,0,0,0,0,0,0,3,192,5,5,,,,0,197,codec:1006:17,confirmed_binary_and_builder_logic,,,,,1006,no,2968,per_gcx_size_preserved; no record relocation,,
codec,,,1,가나따라오,가나라,3,따오,2,128,0,0,0,0,0,18,2,128,-18,0,,,,0,110,codec:1039:14,confirmed_binary_and_builder_logic,,,,,1039,no,2676,per_gcx_size_preserved; no record relocation,,
codec,,,1,가같것된배아치,가같것아,4,된배치,3,192,0,0,0,0,0,16,3,192,-16,0,,,,0,176,codec:1067:14,confirmed_binary_and_builder_logic,,,,,1067,no,2828,per_gcx_size_preserved; no record relocation,,
codec,,,1,떼로를먼애없저,로를없저,4,떼먼애,3,192,0,0,0,0,0,34,3,192,-34,0,,,,0,158,codec:1081:15,confirmed_binary_and_builder_logic,,,,,1081,no,2728,per_gcx_size_preserved; no record relocation,,
codec,,,1,게롭면못붙여움유으의이자직,게면못여유으의이자,9,롭붙움직,4,256,0,0,0,0,0,23,4,256,-23,0,,,,0,233,codec:1089:14,confirmed_binary_and_builder_logic,,,,,1089,no,3248,per_gcx_size_preserved; no record relocation,,
codec,,,1,로물서속에전진해,로물서에해,5,속전진,3,192,0,0,0,0,0,18,3,192,-18,0,,,,0,174,codec:1097:14,confirmed_binary_and_builder_logic,,,,,1097,no,3144,per_gcx_size_preserved; no record relocation,,
codec,,,1,가까내려빛선에이,가까내려에이,6,빛선,2,128,0,0,0,0,0,30,2,128,-30,0,,,,0,98,codec:1101:15,confirmed_binary_and_builder_logic,,,,,1101,no,2704,per_gcx_size_preserved; no record relocation,,
codec,,,3,글는댄론물스식쎄요의이저죠,는물스요의이저,7,글댄론식쎄죠,6,384,0,0,0,0,0,1,6,384,-1,5,,,,0,383,codec:1107:27|codec:1107:30|codec:1107:25,confirmed_binary_and_builder_logic,,,,,1107,no,4696,per_gcx_size_preserved; no record relocation,,
codec,,,1,가군는통하,가군는하,4,통,1,64,0,0,0,0,0,20,1,64,-20,0,,,,0,44,codec:1118:24,confirmed_binary_and_builder_logic,,,,,1118,no,3216,per_gcx_size_preserved; no record relocation,,
codec,,,2,게굴도마보심얼에을이조지해,게도마보심에을이조지해,11,굴얼,2,128,0,0,0,0,0,44,2,128,-44,0,,,,0,84,codec:1121:14|codec:1121:16,confirmed_binary_and_builder_logic,,,,,1121,no,3380,per_gcx_size_preserved; no record relocation,,
codec,,,1,로사서에을주해,로사서에을해,6,주,1,64,0,0,0,0,0,43,1,64,-43,0,,,,0,21,codec:1130:12,confirmed_binary_and_builder_logic,,,,,1130,no,2268,per_gcx_size_preserved; no record relocation,,
codec,,,1,가고기노딘를리숨숲어에있회,가고기를리숲어에있,9,노딘숨회,4,256,0,0,0,0,0,31,4,256,-31,0,,,,0,225,codec:1146:15,confirmed_binary_and_builder_logic,,,,,1146,no,3196,per_gcx_size_preserved; no record relocation,,
codec,,,1,늘마맞면몸바박에으의이취탄혀,마면바에으의이,7,늘맞몸박취탄혀,7,448,0,0,0,0,0,65,7,448,-65,0,,,,0,383,codec:1150:10,confirmed_binary_and_builder_logic,,,,,1150,no,2776,per_gcx_size_preserved; no record relocation,,
codec,,,1,는위이정줘지치해형,는위이정지해,6,줘치형,3,192,0,0,0,0,0,41,3,192,-41,0,,,,0,151,codec:1153:14,confirmed_binary_and_builder_logic,,,,,1153,no,3196,per_gcx_size_preserved; no record relocation,,
codec,,,1,도봐써,도봐,2,써,1,64,0,0,0,0,0,28,1,64,-28,0,,,,0,36,codec:1161:16,confirmed_binary_and_builder_logic,,,,,1161,no,2616,per_gcx_size_preserved; no record relocation,,
codec,,,1,높산아은이주,아은이,3,높산주,3,192,0,0,0,0,0,17,3,192,-17,0,,,,0,175,codec:1164:30,confirmed_binary_and_builder_logic,,,,,1164,no,3268,per_gcx_size_preserved; no record relocation,,
codec,,,1,공눌대러버서션액에옆을작조튼포해,대러버서션에을조포해,10,공눌액옆작튼,6,384,0,0,0,0,0,65,6,384,-65,0,,,,0,319,codec:1175:14,confirmed_binary_and_builder_logic,,,,,1175,no,3732,per_gcx_size_preserved; no record relocation,,
codec,,,4,곧나를미안았요찾,나를미안았요,6,곧찾,2,128,0,0,0,0,0,118,2,128,-118,0,,,,0,10,codec:1189:33|codec:1189:34|codec:1189:14|codec:1189:17,confirmed_binary_and_builder_logic,,,,,1189,no,3312,per_gcx_size_preserved; no record relocation,,
codec,,,1,그러면실야은패,그러면야은,5,실패,2,128,0,0,0,0,0,26,2,128,-26,0,,,,0,102,codec:1212:16,confirmed_binary_and_builder_logic,,,,,1212,no,2816,per_gcx_size_preserved; no record relocation,,
codec,,,3,가그난래서어없연우의일제치형,가그난래서어없우의일제,11,연치형,3,192,0,0,0,0,0,8,3,192,-8,3,,,,0,184,codec:1218:17|codec:1218:15|codec:1218:22,confirmed_binary_and_builder_logic,,,,,1218,no,3552,per_gcx_size_preserved; no record relocation,,
codec,,,2,괜그까럴아왜요찮,그까럴아왜요,6,괜찮,2,128,0,0,0,0,0,19,2,128,-19,0,,,,0,109,codec:1219:32|codec:1219:26,confirmed_binary_and_builder_logic,,,,,1219,no,4508,per_gcx_size_preserved; no record relocation,,
codec,,,1,그럼뭐였지,그뭐지,3,럼였,2,128,0,0,0,0,0,6,2,128,-6,0,,,,0,122,codec:1224:16,confirmed_binary_and_builder_logic,,,,,1224,no,2560,per_gcx_size_preserved; no record relocation,,
codec,,,1,가사제짜형,가사제,3,짜형,2,128,0,0,0,0,0,6,2,128,-6,0,,,,0,122,codec:1231:17,confirmed_binary_and_builder_logic,,,,,1231,no,2564,per_gcx_size_preserved; no record relocation,,
codec,,,5,긴까꿈나년는니님다도디령몇무소송슨어었여올요이일입있죄지합해,까나는니다도디령무소슨어었여올요이일입있지해,22,긴꿈년님몇송죄합,8,512,0,0,0,0,0,1,8,512,-1,10,,,,0,511,codec:1240:15|codec:1240:17|codec:1240:16|codec:1240:14|codec:1240:24,confirmed_binary_and_builder_logic,,,,,1240,no,4952,per_gcx_size_preserved; no record relocation,,
codec,,,2,가것계그끝내는도되마면속야에이잊전지,가것계그내는도되마면야에이지,14,끝속잊전,4,256,0,0,0,0,0,85,4,256,-85,0,,,,0,171,codec:1257:18|codec:1257:19,confirmed_binary_and_builder_logic,,,,,1257,no,3576,per_gcx_size_preserved; no record relocation,,
codec,,,2,가고골는다라로료를물부상수술약에열와유을있치,가고는다라로를물부상수에와유을있,16,골료술약열치,6,384,0,0,0,0,0,103,6,384,-103,0,,,,0,281,codec:1344:11|codec:1344:10,confirmed_binary_and_builder_logic,,,,,1344,no,3584,per_gcx_size_preserved; no record relocation,,
codec,,,1,든심을적조해,심을적조해,5,든,1,64,0,0,0,0,0,24,1,64,-24,0,,,,0,40,codec:1354:14,confirmed_binary_and_builder_logic,,,,,1354,no,2632,per_gcx_size_preserved; no record relocation,,
codec,,,1,기를먹을인전해확,기를을인해,5,먹전확,3,192,0,0,0,0,0,24,3,192,-24,0,,,,0,168,codec:1357:14,confirmed_binary_and_builder_logic,,,,,1357,no,2632,per_gcx_size_preserved; no record relocation,,
codec,,,1,도수어있토할,도수어있할,5,토,1,64,0,0,0,0,0,14,1,64,-14,0,,,,0,50,codec:1359:11,confirmed_binary_and_builder_logic,,,,,1359,no,3084,per_gcx_size_preserved; no record relocation,,
codec,,,1,돌려로를방엄여움으직칠향헤,돌려로를방여으,7,엄움직칠향헤,6,384,0,0,0,0,0,57,6,384,-57,0,,,,0,327,codec:1362:15,confirmed_binary_and_builder_logic,,,,,1362,no,3200,per_gcx_size_preserved; no record relocation,,
codec,,,1,겠니다대더롤번보살습에을컨트펴한,겠니다대더번보습에을한,11,롤살컨트펴,5,320,0,0,0,0,0,5,5,320,-5,0,,,,0,315,codec:1365:14,confirmed_binary_and_builder_logic,,,,,1365,no,3624,per_gcx_size_preserved; no record relocation,,
codec,,,3,거격고그기는다도뒤러력를마면무반방법붙서수심쓸어에여완으을의있잡적전주질해회히힌,거고그기는다도러를마면무방법서수심어에여으을의있잡적해히,28,격뒤력반붙쓸완전주질회힌,12,768,0,0,0,0,0,124,12,768,-124,0,,,,0,644,codec:1366:26|codec:1366:15|codec:1366:14,confirmed_binary_and_builder_logic,,,,,1366,no,5600,per_gcx_size_preserved; no record relocation,,
codec,,,1,권나는들또를맨손어예이총프,나는들또를어이프,8,권맨손예총,5,320,0,0,0,0,0,16,5,320,-16,0,,,,0,304,codec:1367:15,confirmed_binary_and_builder_logic,,,,,1367,no,3776,per_gcx_size_preserved; no record relocation,,
codec,,,2,고그니다뒤들라릅막명보부분예은의장철히,고그니다들라명보부분은의히,13,뒤릅막예장철,6,384,0,0,0,0,0,15,6,384,-15,0,,,,0,369,codec:1369:17|codec:1369:16,confirmed_binary_and_builder_logic,,,,,1369,no,3820,per_gcx_size_preserved; no record relocation,,
codec,,,1,나는령북소왜요탈했,나는령소왜요,6,북탈했,3,192,0,0,0,0,0,0,3,192,0,0,,,,0,192,codec:1370:14,confirmed_binary_and_builder_logic,,,,,1370,no,5748,per_gcx_size_preserved; no record relocation,,
codec,,,1,경우의,우의,2,경,1,64,0,0,0,0,0,7,1,64,-7,0,,,,0,57,codec:1373:51,confirmed_binary_and_builder_logic,,,,,1373,no,5212,per_gcx_size_preserved; no record relocation,,
codec,,,1,결국궤그내네는니다대도뒤디련렸령면미비상서설소습에여은을이인있적전정져처측케통행황후히,그내네는니다대도디령면미상서설소습에여은을이인있적정행후히,29,결국궤뒤련렸비전져처측케통황,14,896,0,0,0,0,0,42,14,896,-42,0,,,,0,854,codec:1374:77,confirmed_binary_and_builder_logic,,,,,1374,no,8544,per_gcx_size_preserved; no record relocation,,
codec,,,4,고는니다데두리습앞우을응일있쟁전주콘프핵,고는니다데리습우을응일있프,13,두앞쟁전주콘핵,7,448,0,0,0,0,0,20,7,448,-20,0,,,,0,428,codec:1375:45|codec:1375:21|codec:1375:16|codec:1375:15,confirmed_binary_and_builder_logic,,,,,1375,no,4172,per_gcx_size_preserved; no record relocation,,
codec,,,2,가니말아야이인,가니말아야이인,7,,0,0,0,0,0,0,0,0,0,0,1,3,,,,0,1,codec:1380:16|codec:1380:17,confirmed_binary_and_builder_logic,,,,,1380,no,3200,per_gcx_size_preserved; no record relocation,,
codec,,,1,거그냥둘를시야의체,거그둘를시야의,7,냥체,2,128,0,0,0,0,0,24,2,128,-24,0,,,,0,104,codec:1396:15,confirmed_binary_and_builder_logic,,,,,1396,no,2844,per_gcx_size_preserved; no record relocation,,
codec,,,1,다말시실패해,다말시해,4,실패,2,128,0,0,0,0,0,5,2,128,-5,0,,,,0,123,codec:1397:17,confirmed_binary_and_builder_logic,,,,,1397,no,2948,per_gcx_size_preserved; no record relocation,,
codec,,,1,는능니다당발부상성심없위을이입조큰한합해험휘,는니다부상성심없위을이입조한해험,16,능당발큰합휘,6,384,0,0,0,0,0,0,6,384,7,7,,,,0,391,codec:1431:647,confirmed_binary_and_builder_logic,,,,,1431,no,368696,per_gcx_size_preserved; no record relocation,,
codec,,,1,다명백야한해,다명야한해,5,백,1,64,0,0,0,0,0,7,1,64,-7,0,,,,0,57,codec:1449:20,confirmed_binary_and_builder_logic,,,,,1449,no,3176,per_gcx_size_preserved; no record relocation,,
codec,,,1,가것경나니다로말수습실어열였은이있주출탈한,가것나니다로말수습어은이있한,14,경실열였주출탈,7,448,0,0,0,0,0,17,7,448,-17,0,,,,0,431,codec:1465:4526,confirmed_binary_and_builder_logic,,,,,1465,no,367308,per_gcx_size_preserved; no record relocation,,
codec,,,1,그나늪사아워은의주,그나사아은의,6,늪워주,3,192,0,0,0,0,0,19,3,192,-19,0,,,,0,173,codec:1481:10,confirmed_binary_and_builder_logic,,,,,1481,no,2300,per_gcx_size_preserved; no record relocation,,
codec,,,1,가금는닛떤싸어에운유인전제조,가금는어에유인제조,9,닛떤싸운전,5,320,0,0,0,0,0,21,5,320,-21,0,,,,0,299,codec:1491:10,confirmed_binary_and_builder_logic,,,,,1491,no,2648,per_gcx_size_preserved; no record relocation,,
codec,,,1,니다도셨습에좋착하,니다도습에좋하,7,셨착,2,128,0,0,0,0,0,0,2,128,6,6,,,,0,134,codec:1497:10,confirmed_binary_and_builder_logic,,,,,1497,no,2792,per_gcx_size_preserved; no record relocation,,
codec,,,3,니아어에음푸,니아어에음,5,푸,1,64,0,0,0,0,0,3,1,64,-3,2,,,,0,61,codec:1509:30|codec:1509:25|codec:1509:23,confirmed_binary_and_builder_logic,,,,,1509,no,2112,per_gcx_size_preserved; no record relocation,,
codec,,,1,가로말야저출탈한,가로말야저한,6,출탈,2,128,0,0,0,0,0,29,2,128,-29,0,,,,0,99,codec:1512:10,confirmed_binary_and_builder_logic,,,,,1512,no,2272,per_gcx_size_preserved; no record relocation,,
codec,,,1,는들라령만명몰어의,는들라령만명어의,8,몰,1,64,0,0,0,0,0,19,1,64,-19,0,,,,0,45,codec:1516:14,confirmed_binary_and_builder_logic,,,,,1516,no,2644,per_gcx_size_preserved; no record relocation,,
codec,,,1,굴그니다동려로습알은있져,그니다려로습알은있,9,굴동져,3,192,0,0,0,0,0,0,3,192,6,6,,,,0,198,codec:1522:10,confirmed_binary_and_builder_logic,,,,,1522,no,2572,per_gcx_size_preserved; no record relocation,,
codec,,,1,겼당를신어요이,를어요이,4,겼당신,3,192,0,0,0,0,0,0,3,192,9,9,,,,0,201,codec:1523:10,confirmed_binary_and_builder_logic,,,,,1523,no,2836,per_gcx_size_preserved; no record relocation,,
codec,,,1,북숲의쪽,숲의,2,북쪽,2,128,0,0,0,0,0,14,2,128,-14,0,,,,0,114,codec:1531:12,confirmed_binary_and_builder_logic,,,,,1531,no,2124,per_gcx_size_preserved; no record relocation,,
codec,,,1,가로면북야으쪽,가로면야으,5,북쪽,2,128,0,0,0,0,0,14,2,128,-14,0,,,,0,114,codec:1532:10,confirmed_binary_and_builder_logic,,,,,1532,no,2248,per_gcx_size_preserved; no record relocation,,
codec,,,1,걸그런물어왜,그런물어왜,5,걸,1,64,0,0,0,0,0,11,1,64,-11,0,,,,0,53,codec:1540:15,confirmed_binary_and_builder_logic,,,,,1540,no,2344,per_gcx_size_preserved; no record relocation,,
codec,,,9,가같군그네당래매상야연왜우인일정취한해향,가같군그네래상야왜우인일정한해,15,당매연취향,5,320,0,0,0,0,0,163,5,320,-163,1,,,,0,157,codec:1543:40|codec:1543:41|codec:1543:42|codec:1543:43|codec:1543:36|codec:1543:57|codec:1543:20|codec:1543:23|codec:1543:16,confirmed_binary_and_builder_logic,,,,,1543,no,3488,per_gcx_size_preserved; no record relocation,,
codec,,,3,가나데로문물뭔선우있제회,가나데로문물우있제,9,뭔선회,3,192,0,0,0,0,0,18,3,192,-18,0,,,,0,174,codec:1568:16|codec:1568:14|codec:1568:12,confirmed_binary_and_builder_logic,,,,,1568,no,2648,per_gcx_size_preserved; no record relocation,,
codec,,,1,갈관권급들서수야어은이있한,들서수야어은이있한,9,갈관권급,4,256,0,0,0,0,0,50,4,256,-50,0,,,,0,206,codec:1573:11,confirmed_binary_and_builder_logic,,,,,1573,no,2632,per_gcx_size_preserved; no record relocation,,
codec,,,2,고그도보사을이진,고그도보사을이,7,진,1,64,0,0,0,0,0,30,1,64,-30,0,,,,0,34,codec:1579:23|codec:1579:63,confirmed_binary_and_builder_logic,,,,,1579,no,3032,per_gcx_size_preserved; no record relocation,,
codec,,,2,그데런먹안어왜,그데런안어왜,6,먹,1,64,0,0,0,0,0,18,1,64,-18,0,,,,0,46,codec:1582:10|codec:1582:12,confirmed_binary_and_builder_logic,,,,,1582,no,3028,per_gcx_size_preserved; no record relocation,,
codec,,,3,건그날못뭘믿어왜저,건그날못믿어왜저,8,뭘,1,64,0,0,0,0,0,16,1,64,-16,0,,,,0,48,codec:1586:43|codec:1586:17|codec:1586:11,confirmed_binary_and_builder_logic,,,,,1586,no,2532,per_gcx_size_preserved; no record relocation,,
codec,,,1,가고나배아어은작잖팠하,가고나아어은하,7,배작잖팠,4,256,0,0,0,0,0,38,4,256,-38,0,,,,0,218,codec:1597:20,confirmed_binary_and_builder_logic,,,,,1597,no,2792,per_gcx_size_preserved; no record relocation,,
codec,,,1,가그내랬어,가그내랬어,5,,0,0,0,0,0,0,0,0,0,0,1,1,,,,0,1,codec:1599:13,confirmed_binary_and_builder_logic,,,,,1599,no,1824,per_gcx_size_preserved; no record relocation,,
codec,,,2,가간거낭다될비시인,가간거다될시인,7,낭비,2,128,0,0,0,0,0,6,2,128,-6,0,,,,0,122,codec:1601:18|codec:1601:17,confirmed_binary_and_builder_logic,,,,,1601,no,2488,per_gcx_size_preserved; no record relocation,,
codec,,,1,게데서얻에은이터,게데서에은이터,7,얻,1,64,0,0,0,0,0,5,1,64,-5,0,,,,0,59,codec:1603:10,confirmed_binary_and_builder_logic,,,,,1603,no,2376,per_gcx_size_preserved; no record relocation,,
codec,,,1,고사새와요을의진찍,고사와요을의,6,새진찍,3,192,0,0,0,0,0,33,3,192,-33,0,,,,0,159,codec:1604:12,confirmed_binary_and_builder_logic,,,,,1604,no,2520,per_gcx_size_preserved; no record relocation,,
codec,,,1,가는로야이중,가는로야이,5,중,1,64,0,0,0,0,0,7,1,64,-7,0,,,,0,57,codec:1607:11,confirmed_binary_and_builder_logic,,,,,1607,no,1940,per_gcx_size_preserved; no record relocation,,
codec,,,1,는뜻라무새서야요운이,는뜻라무서야요이,8,새운,2,128,0,0,0,0,0,14,2,128,-14,0,,,,0,114,codec:1613:10,confirmed_binary_and_builder_logic,,,,,1613,no,3608,per_gcx_size_preserved; no record relocation,,
codec,,,1,랫비폼플행,행,1,랫비폼플,4,256,0,0,0,0,0,5,4,256,-5,0,,,,0,251,codec:1623:10,confirmed_binary_and_builder_logic,,,,,1623,no,1936,per_gcx_size_preserved; no record relocation,,
codec,,,2,그러면어죠쩌허,그러면어,4,죠쩌허,3,192,0,0,0,0,0,0,3,192,0,2,,,,0,192,codec:1632:27|codec:1632:13,confirmed_binary_and_builder_logic,,,,,1632,no,2476,per_gcx_size_preserved; no record relocation,,
codec,,,1,대부뽑서수야에예은정특,대부서수야에은정특,9,뽑예,2,128,0,0,0,0,0,44,2,128,-44,0,,,,0,84,codec:1635:10,confirmed_binary_and_builder_logic,,,,,1635,no,2616,per_gcx_size_preserved; no record relocation,,
codec,,,1,과도로변자장학해,도로자해,4,과변장학,4,256,0,0,0,0,0,28,4,256,-28,0,,,,0,228,codec:1641:10,confirmed_binary_and_builder_logic,,,,,1641,no,2208,per_gcx_size_preserved; no record relocation,,
codec,,,1,로변어요장했,로어요,3,변장했,3,192,0,0,0,0,0,9,3,192,-9,0,,,,0,183,codec:1656:10,confirmed_binary_and_builder_logic,,,,,1656,no,2472,per_gcx_size_preserved; no record relocation,,
codec,,,1,가게문보서야열을인척초해,가게문보서야을인해,9,열척초,3,192,0,0,0,0,0,48,3,192,-48,0,,,,0,144,codec:1668:14,confirmed_binary_and_builder_logic,,,,,1668,no,2448,per_gcx_size_preserved; no record relocation,,
codec,,,2,그나네눈는데런은,그나네는데런은,7,눈,1,64,0,0,0,0,0,7,1,64,-7,2,,,,0,57,codec:1674:14|codec:1674:17,confirmed_binary_and_builder_logic,,,,,1674,no,3364,per_gcx_size_preserved; no record relocation,,
codec,,,2,군님다소식어요은이있좋행,군다소어요은이있좋행,10,님식,2,128,0,0,0,0,0,10,2,128,-10,0,,,,0,118,codec:1676:10|codec:1676:15,confirmed_binary_and_builder_logic,,,,,1676,no,2904,per_gcx_size_preserved; no record relocation,,
codec,,,1,수정주특파,수정특,3,주파,2,128,0,0,0,0,0,9,2,128,-9,0,,,,0,119,codec:1688:10,confirmed_binary_and_builder_logic,,,,,1688,no,2048,per_gcx_size_preserved; no record relocation,,
codec,,,1,굉장해,해,1,굉장,2,128,0,0,0,0,0,4,2,128,-4,0,,,,0,124,codec:1689:18,confirmed_binary_and_builder_logic,,,,,1689,no,1836,per_gcx_size_preserved; no record relocation,,
codec,,,1,문서앞에해,문서에해,4,앞,1,64,0,0,0,0,0,40,1,64,-40,0,,,,0,24,codec:1690:11,confirmed_binary_and_builder_logic,,,,,1690,no,1800,per_gcx_size_preserved; no record relocation,,
codec,,,3,그꿈나노도래럴있지,그나도래럴있지,7,꿈노,2,128,0,0,0,0,0,4,2,128,-4,1,,,,0,124,codec:1694:25|codec:1694:14|codec:1694:28,confirmed_binary_and_builder_logic,,,,,1694,no,4784,per_gcx_size_preserved; no record relocation,,
codec,,,1,가되두면모발이폭해,가되면이해,5,두모발폭,4,256,0,0,0,0,0,38,4,256,-38,0,,,,0,218,codec:1700:11,confirmed_binary_and_builder_logic,,,,,1700,no,2220,per_gcx_size_preserved; no record relocation,,
codec,,,2,계대리에우의출탈해획,계대리에우의해획,8,출탈,2,128,0,0,0,0,0,0,2,128,2,2,,,,0,130,codec:1706:12|codec:1706:29,confirmed_binary_and_builder_logic,,,,,1706,no,3432,per_gcx_size_preserved; no record relocation,,
codec,,,2,가당방신요은의,가방요은의,5,당신,2,128,0,0,0,0,0,0,2,128,9,9,,,,0,137,codec:1708:25|codec:1708:16,confirmed_binary_and_builder_logic,,,,,1708,no,2724,per_gcx_size_preserved; no record relocation,,
codec,,,1,각게떻생세어요하,게떻세어요하,6,각생,2,128,0,0,0,0,0,0,2,128,0,0,,,,0,128,codec:1710:11,confirmed_binary_and_builder_logic,,,,,1710,no,2728,per_gcx_size_preserved; no record relocation,,
codec,,,4,가개구도리아알았어에있지,가개도리아알았어에있지,11,구,1,64,0,0,0,0,0,15,1,64,-15,4,,,,0,49,codec:1711:14|codec:1711:45|codec:1711:13|codec:1711:15,confirmed_binary_and_builder_logic,,,,,1711,no,2728,per_gcx_size_preserved; no record relocation,,
codec,,,4,건굴그긴나는다떤럼른생야어얼없요이자잘,건그나는다야어없요이자잘,12,굴긴떤럼른생얼,7,448,0,0,0,0,0,19,7,448,-19,1,,,,0,429,codec:1712:12|codec:1712:10|codec:1712:13|codec:1712:23,confirmed_binary_and_builder_logic,,,,,1712,no,4164,per_gcx_size_preserved; no record relocation,,
codec,,,4,가그나냥너는도력뿐사상심야였요위을의이일자폭하한,가그나는도사상심야요위을의이일자하한,18,냥너력뿐였폭,6,384,0,0,0,0,0,23,6,384,-23,0,,,,0,361,codec:1713:13|codec:1713:20|codec:1713:16|codec:1713:24,confirmed_binary_and_builder_logic,,,,,1713,no,3696,per_gcx_size_preserved; no record relocation,,
codec,,,5,게계그기네다대라래러맡불선에여이지출탈해획,게계그기네다대라래러에여이지해획,16,맡불선출탈,5,320,0,0,0,0,0,29,5,320,-29,0,,,,0,291,codec:1714:10|codec:1714:20|codec:1714:36|codec:1714:13|codec:1714:12,confirmed_binary_and_builder_logic,,,,,1714,no,3448,per_gcx_size_preserved; no record relocation,,
codec,,,4,거걸것고그까는니닙다단리말맞무살숲아엇왜은이입죠주지카틴학해,거것고그까는니다리말무숲아왜은이입지해,19,걸닙단맞살엇죠주카틴학,11,704,0,0,0,0,0,0,11,704,1,21,,,,0,705,codec:1715:15|codec:1715:11|codec:1715:19|codec:1715:17,confirmed_binary_and_builder_logic,,,,,1715,no,4348,per_gcx_size_preserved; no record relocation,,
codec,,,1,래클퍼,래,1,클퍼,2,128,0,0,0,0,0,2,2,128,-2,0,,,,0,126,codec:1729:59,confirmed_binary_and_builder_logic,,,,,1729,no,141628,per_gcx_size_preserved; no record relocation,,
codec,,,1,굴끝는대동로반수에있편,는대로수에있편,7,굴끝동반,4,256,0,0,0,0,0,12,4,256,-12,0,,,,0,244,codec:1737:2181,confirmed_binary_and_builder_logic,,,,,1737,no,141268,per_gcx_size_preserved; no record relocation,,
codec,,,1,깐잠,,0,깐잠,2,128,0,0,0,0,0,14,2,128,-14,0,,,,0,114,codec:1740:1985,confirmed_binary_and_builder_logic,,,,,1740,no,140708,per_gcx_size_preserved; no record relocation,,
codec,,,5,가갔거공기네는능니다대됐둘러렸로를리무발버분불사서아안알야어와으은을이잃장정제조좋죠찰폭하해,가거기네는니다대됐둘러로를리무버분사서아안알야어와으은을이정제조좋하해,35,갔공능렸발불잃장죠찰폭,11,704,0,0,0,0,0,135,11,704,-135,0,,,,0,569,codec:1754:50|codec:1754:29|codec:1754:21|codec:1754:23|codec:1754:30,confirmed_binary_and_builder_logic,,,,,1754,no,5764,per_gcx_size_preserved; no record relocation,,
codec,,,1,그녀말맞아이자좀,그녀말아이자,6,맞좀,2,128,0,0,0,0,0,17,2,128,-17,0,,,,0,111,codec:1755:10,confirmed_binary_and_builder_logic,,,,,1755,no,2936,per_gcx_size_preserved; no record relocation,,
codec,,,1,거그기나다릴서소야에장중하,거그기나다서소야에하,10,릴장중,3,192,0,0,0,0,0,26,3,192,-26,0,,,,0,166,codec:1761:16,confirmed_binary_and_builder_logic,,,,,1761,no,4492,per_gcx_size_preserved; no record relocation,,
codec,,,2,그네는니다렇습어었죽,그네는니다렇습어었죽,10,,0,0,0,0,0,0,0,0,0,0,5,5,,,,0,5,codec:1762:53|codec:1762:25,confirmed_binary_and_builder_logic,,,,,1762,no,5136,per_gcx_size_preserved; no record relocation,,
codec,,,10,가갈거곧그나래리빠빨수야어없올전져체,가거그나래리수야어없올,11,갈곧빠빨전져체,7,448,0,0,0,0,0,409,7,448,-409,0,,,,0,39,codec:1763:66|codec:1763:67|codec:1763:68|codec:1763:69|codec:1763:70|codec:1763:71|codec:1763:72|codec:1763:30|codec:1763:20|codec:1763:22,confirmed_binary_and_builder_logic,,,,,1763,no,4196,per_gcx_size_preserved; no record relocation,,
codec,,,2,걱괜디락아어없연이정찮했,디아어없이정,6,걱괜락연찮했,6,384,0,0,0,0,0,26,6,384,-26,0,,,,0,358,codec:1765:35|codec:1765:11,confirmed_binary_and_builder_logic,,,,,1765,no,2960,per_gcx_size_preserved; no record relocation,,
codec,,,2,개게다를머설아약에이전좋치타폭할,개게다를머설아에이좋할,11,약전치타폭,5,320,0,0,0,0,0,47,5,320,-47,0,,,,0,273,codec:1771:18|codec:1771:12,confirmed_binary_and_builder_logic,,,,,1771,no,3204,per_gcx_size_preserved; no record relocation,,
codec,,,1,둘러서,둘러서,3,,0,0,0,0,0,0,0,0,0,0,1,1,,,,0,1,codec:1779:15,confirmed_binary_and_builder_logic,,,,,1779,no,2500,per_gcx_size_preserved; no record relocation,,
codec,,,2,가겠나남내다뜻료아알야완을있직할해,가겠나내다뜻아알야을있할해,13,남료완직,4,256,0,0,0,0,0,9,4,256,-9,0,,,,0,247,codec:1782:25|codec:1782:26,confirmed_binary_and_builder_logic,,,,,1782,no,4000,per_gcx_size_preserved; no record relocation,,
codec,,,1,어요잘했,어요잘,3,했,1,64,0,0,0,0,0,1,1,64,-1,0,,,,0,63,codec:1783:14,confirmed_binary_and_builder_logic,,,,,1783,no,3732,per_gcx_size_preserved; no record relocation,,
codec,,,1,기꼭다대산에이해했,기다대에이해,6,꼭산했,3,192,0,0,0,0,0,15,3,192,-15,0,,,,0,177,codec:1788:79,confirmed_binary_and_builder_logic,,,,,1788,no,7852,per_gcx_size_preserved; no record relocation,,
codec,,,1,간과달리번야엔이,간리번야엔이,6,과달,2,128,0,0,0,0,0,7,2,128,-7,0,,,,0,121,codec:1804:10,confirmed_binary_and_builder_logic,,,,,1804,no,2872,per_gcx_size_preserved; no record relocation,,
codec,,,1,게근는때심에적접조할해,게근는때심에적조할해,10,접,1,64,0,0,0,0,0,13,1,64,-13,0,,,,0,51,codec:1807:10,confirmed_binary_and_builder_logic,,,,,1807,no,2560,per_gcx_size_preserved; no record relocation,,
codec,,,1,강니다매보시역우큽피하,니다보시우하,6,강매역큽피,5,320,0,0,0,0,0,12,5,320,-12,0,,,,0,308,codec:1815:12,confirmed_binary_and_builder_logic,,,,,1815,no,2632,per_gcx_size_preserved; no record relocation,,
codec,,,3,건격견공나너니들심아야위을저조한해험,건나니들심아야위을저조한해험,14,격견공너,4,256,0,0,0,0,0,25,4,256,-25,0,,,,0,231,codec:1818:13|codec:1818:12|codec:1818:10,confirmed_binary_and_builder_logic,,,,,1818,no,5004,per_gcx_size_preserved; no record relocation,,
codec,,,1,근심엔전접조중해,근심엔조해,5,전접중,3,192,0,0,0,0,0,33,3,192,-33,0,,,,0,159,codec:1822:11,confirmed_binary_and_builder_logic,,,,,1822,no,2164,per_gcx_size_preserved; no record relocation,,
codec,,,3,그럼말벌어죠쩌,그말어,3,럼벌죠쩌,4,256,0,0,0,0,0,5,4,256,-5,2,,,,0,251,codec:1837:18|codec:1837:15|codec:1837:13,confirmed_binary_and_builder_logic,,,,,1837,no,3312,per_gcx_size_preserved; no record relocation,,
codec,,,1,구꾸량를식유을준지해히,를유을지해히,6,구꾸량식준,5,320,0,0,0,0,0,29,5,320,-29,0,,,,0,291,codec:1846:11,confirmed_binary_and_builder_logic,,,,,1846,no,2700,per_gcx_size_preserved; no record relocation,,
codec,,,4,그나녕도래멋아안야잖지,그나도래아안야지,8,녕멋잖,3,192,0,0,0,0,0,19,3,192,-19,1,,,,0,173,codec:1854:12|codec:1854:13|codec:1854:10|codec:1854:16,confirmed_binary_and_builder_logic,,,,,1854,no,3156,per_gcx_size_preserved; no record relocation,,
codec,,,1,고쉬어하,고어하,3,쉬,1,64,0,0,0,0,0,17,1,64,-17,0,,,,0,47,codec:1860:11,confirmed_binary_and_builder_logic,,,,,1860,no,2124,per_gcx_size_preserved; no record relocation,,
codec,,,2,눈도료른못서에오쪽치해,도못서에해,5,눈료른오쪽치,6,384,0,0,0,0,0,19,6,384,-19,0,,,,0,365,codec:1861:10|codec:1861:13,confirmed_binary_and_builder_logic,,,,,1861,no,2560,per_gcx_size_preserved; no record relocation,,
codec,,,1,대무슨체,대무슨,3,체,1,64,0,0,0,0,0,2,1,64,-2,0,,,,0,62,codec:1864:17,confirmed_binary_and_builder_logic,,,,,1864,no,2392,per_gcx_size_preserved; no record relocation,,
codec,,,1,게겠는면모보습어에여을좋주초토하,게겠는면보습어에여을좋하,12,모주초토,4,256,0,0,0,0,0,18,4,256,-18,0,,,,0,238,codec:1865:10,confirmed_binary_and_builder_logic,,,,,1865,no,3148,per_gcx_size_preserved; no record relocation,,
codec,,,1,도마아요,도마아요,4,,0,0,0,0,0,0,0,0,0,0,2,2,,,,0,2,codec:1912:24,confirmed_binary_and_builder_logic,,,,,1912,no,2208,per_gcx_size_preserved; no record relocation,,
codec,,,1,다맞아,다아,2,맞,1,64,0,0,0,0,0,3,1,64,-3,0,,,,0,61,codec:1990:25,confirmed_binary_and_builder_logic,,,,,1990,no,2432,per_gcx_size_preserved; no record relocation,,
codec,,,3,가그기는다도뛰몇문미씩인전터해,가그기는다도문미인터해,11,뛰몇씩전,4,256,0,0,0,0,0,29,4,256,-29,4,,,,0,227,codec:2022:70|codec:2022:23|codec:2022:13,confirmed_binary_and_builder_logic,,,,,2022,no,5276,per_gcx_size_preserved; no record relocation,,
codec,,,1,그땠래맛서어이,그래서어이,5,땠맛,2,128,0,0,0,0,0,2,2,128,-2,0,,,,0,126,codec:2029:13,confirmed_binary_and_builder_logic,,,,,2029,no,2460,per_gcx_size_preserved; no record relocation,,
codec,,,1,고그네또리요,고그네또리요,6,,0,0,0,0,0,0,0,0,0,0,1,1,,,,0,1,codec:2046:75,confirmed_binary_and_builder_logic,,,,,2046,no,2488,per_gcx_size_preserved; no record relocation,,
codec,,,1,겠니다습알,겠니다습알,5,,0,0,0,0,0,0,0,0,0,0,2,2,,,,0,2,codec:2073:12,confirmed_binary_and_builder_logic,,,,,2073,no,1988,per_gcx_size_preserved; no record relocation,,
codec,,,1,다료수시있즉치할,다수시있할,5,료즉치,3,192,0,0,0,0,0,12,3,192,-12,0,,,,0,180,codec:2092:11,confirmed_binary_and_builder_logic,,,,,2092,no,2432,per_gcx_size_preserved; no record relocation,,
codec,,,1,기도맞면상에으을입총해,기도면상에으을입해,9,맞총,2,128,0,0,0,0,0,30,2,128,-30,0,,,,0,98,codec:2097:10,confirmed_binary_and_builder_logic,,,,,2097,no,2648,per_gcx_size_preserved; no record relocation,,
codec,,,1,몸봐좀,봐,1,몸좀,2,128,0,0,0,0,0,9,2,128,-9,0,,,,0,119,codec:2102:10,confirmed_binary_and_builder_logic,,,,,2102,no,1908,per_gcx_size_preserved; no record relocation,,
codec,,,1,대리빨애없최한,대리없한,4,빨애최,3,192,0,0,0,0,0,30,3,192,-30,0,,,,0,162,codec:2103:12,confirmed_binary_and_builder_logic,,,,,2103,no,2124,per_gcx_size_preserved; no record relocation,,
codec,,,1,내는로먼빼살상을저처칼화,내는로상을저,6,먼빼살처칼화,6,384,0,0,0,0,0,33,6,384,-33,0,,,,0,351,codec:2108:11,confirmed_binary_and_builder_logic,,,,,2108,no,2536,per_gcx_size_preserved; no record relocation,,
codec,,,5,거게그기길널다라러멈바보봐서심않야엔위음잘조지춰치켜해,거게그기다라러바보봐서심않야엔위음잘조지해,21,길널멈춰치켜,6,384,0,0,0,0,0,38,6,384,-38,2,,,,0,346,codec:2113:22|codec:2113:18|codec:2113:19|codec:2113:33|codec:2113:40,confirmed_binary_and_builder_logic,,,,,2113,no,6720,per_gcx_size_preserved; no record relocation,,
codec,,,8,가같걸것관그네대도드뜻렇론마말맞명물부상아않알왜은을음이인죠지진코한휘,가같것그네대도드뜻렇마말명물부상아않알왜은을음이인지코한,28,걸관론맞죠진휘,7,448,0,0,0,0,0,42,7,448,-42,1,,,,0,406,codec:2114:90|codec:2114:33|codec:2114:15|codec:2114:16|codec:2114:19|codec:2114:29|codec:2114:12|codec:2114:17,confirmed_binary_and_builder_logic,,,,,2114,no,4940,per_gcx_size_preserved; no record relocation,,
codec,,,1,나상이있증,나상이있,4,증,1,64,0,0,0,0,0,1,1,64,-1,0,,,,0,63,codec:2116:13,confirmed_binary_and_builder_logic,,,,,2116,no,3216,per_gcx_size_preserved; no record relocation,,
codec,,,5,가거까나난니다대로물미밝분사생안에유의이임자적전졌중학해혀,가거까나난니다대로물미분사안에유의이임자적해,22,밝생전졌중학혀,7,448,0,0,0,0,0,116,7,448,-116,1,,,,0,332,codec:2117:13|codec:2117:24|codec:2117:100|codec:2117:18|codec:2117:41,confirmed_binary_and_builder_logic,,,,,2117,no,9416,per_gcx_size_preserved; no record relocation,,
codec,,,1,너는니다로리메보에이입제지충칼트,는니다로리보에이입제지,11,너메충칼트,5,320,0,0,0,0,0,16,5,320,-16,0,,,,0,304,codec:2128:30,confirmed_binary_and_builder_logic,,,,,2128,no,3488,per_gcx_size_preserved; no record relocation,,
codec,,,10,같것게겨군그깝나났냥네는니닌다당데디럼를마많말무뭔법보본봐상서속슨신아안알어없영예요원은의이일입적정좀좋죠즐타화,같것게군그깝나네는니다데디를마말무법보본봐상서슨아안알어없요원은의이일입적정좋,39,겨났냥닌당럼많뭔속신영예좀죠즐타화,17,1088,0,0,0,0,0,79,17,1088,-79,5,,,,0,1009,codec:2173:35|codec:2173:19|codec:2173:12|codec:2173:16|codec:2173:11|codec:2173:28|codec:2173:40|codec:2173:42|codec:2173:26|codec:2173:34,confirmed_binary_and_builder_logic,,,,,2173,no,6796,per_gcx_size_preserved; no record relocation,,
codec,,,5,가걱건고그까나니들라런례르를마말무부서아않어왜요워을음정줘지처합해,가건고그까나니들라런르를마말무부서아않어왜요을음정지해,27,걱례워줘처합,6,384,0,0,0,0,0,19,6,384,-19,5,,,,0,365,codec:2175:36|codec:2175:18|codec:2175:22|codec:2175:11|codec:2175:62,confirmed_binary_and_builder_logic,,,,,2175,no,4776,per_gcx_size_preserved; no record relocation,,
codec,,,3,겠군그네농담럼못보없운이지,겠군그네못보없이지,9,농담럼운,4,256,0,0,0,0,0,39,4,256,-39,0,,,,0,217,codec:2176:21|codec:2176:42|codec:2176:27,confirmed_binary_and_builder_logic,,,,,2176,no,5432,per_gcx_size_preserved; no record relocation,,
codec,,,2,고기나니들라마막보셨씨아않어억요이쟁전지,고기나니들라마보아않어요이지,14,막셨씨억쟁전,6,384,0,0,0,0,0,3,6,384,-3,3,,,,0,381,codec:2177:11|codec:2177:10,confirmed_binary_and_builder_logic,,,,,2177,no,3464,per_gcx_size_preserved; no record relocation,,
codec,,,2,겠고그날는니다래럴렇말수습아없오요이지할,겠고그날는니다래럴렇말수습아없요이지할,19,오,1,64,0,0,0,0,0,0,1,64,13,15,,,,0,77,codec:2178:11|codec:2178:19,confirmed_binary_and_builder_logic,,,,,2178,no,3944,per_gcx_size_preserved; no record relocation,,
codec,,,2,그네렇봤어죠,그네렇봤어,5,죠,1,64,0,0,0,0,0,10,1,64,-10,0,,,,0,54,codec:2179:10|codec:2179:16,confirmed_binary_and_builder_logic,,,,,2179,no,3564,per_gcx_size_preserved; no record relocation,,
codec,,,2,겠나니르모본시아어요있적혹,겠나니르본시아어요있적,11,모혹,2,128,0,0,0,0,0,0,2,128,0,1,,,,0,128,codec:2180:11|codec:2180:10,confirmed_binary_and_builder_logic,,,,,2180,no,3324,per_gcx_size_preserved; no record relocation,,
codec,,,1,군는대로맞서,군는대로서,5,맞,1,64,0,0,0,0,0,25,1,64,-25,0,,,,0,39,codec:2183:13,confirmed_binary_and_builder_logic,,,,,2183,no,3100,per_gcx_size_preserved; no record relocation,,
codec,,,2,그나로를리바본스시신어으이있적탕했혹화,그나로를리바본스시어으이있적,14,신탕했혹화,5,320,0,0,0,0,0,1,5,320,-1,1,,,,0,319,codec:2184:12|codec:2184:10,confirmed_binary_and_builder_logic,,,,,2184,no,3704,per_gcx_size_preserved; no record relocation,,
codec,,,2,나닥러레번본브스인있적지터트호,나러번본브스인있적지터호,12,닥레트,3,192,0,0,0,0,0,0,3,192,0,2,,,,0,192,codec:2185:12|codec:2185:23,confirmed_binary_and_builder_logic,,,,,2185,no,3248,per_gcx_size_preserved; no record relocation,,
codec,,,3,래말메봤어이저접직할,래말봤어이저할,7,메접직,3,192,0,0,0,0,0,38,3,192,-38,0,,,,0,154,codec:2186:21|codec:2186:10|codec:2186:18,confirmed_binary_and_builder_logic,,,,,2186,no,3924,per_gcx_size_preserved; no record relocation,,
codec,,,3,건그나납너뉴는니다도를바봤어에욕착타합,건그나는니다도를바봤어에,12,납너뉴욕착타합,7,448,0,0,0,0,0,37,7,448,-37,0,,,,0,411,codec:2188:35|codec:2188:13|codec:2188:10,confirmed_binary_and_builder_logic,,,,,2188,no,4020,per_gcx_size_preserved; no record relocation,,
codec,,,7,거건게그나놓다됐때래렸를멀본부서시씨아어었였요을있적전좋직쳤하해혹,거건게그나다됐때래를본부서시아어었요을있적좋하해,24,놓렸멀씨였전직쳤혹,9,576,0,0,0,0,0,54,9,576,-54,4,,,,0,522,codec:2192:28|codec:2192:18|codec:2192:11|codec:2192:10|codec:2192:25|codec:2192:16|codec:2192:21,confirmed_binary_and_builder_logic,,,,,2192,no,5180,per_gcx_size_preserved; no record relocation,,
codec,,,1,가대들보시신어에요으있적해혹,가대들보시어에요으있적해,12,신혹,2,128,0,0,0,0,0,0,2,128,12,12,,,,0,140,codec:2193:10,confirmed_binary_and_builder_logic,,,,,2193,no,3028,per_gcx_size_preserved; no record relocation,,
codec,,,2,다데본없요이적트,다데본없요이적,7,트,1,64,0,0,0,0,0,1,1,64,-1,2,,,,0,63,codec:2194:19|codec:2194:11,confirmed_binary_and_builder_logic,,,,,2194,no,4428,per_gcx_size_preserved; no record relocation,,
codec,,,3,럼론말순요종처클,말요,2,럼론순종처클,6,384,0,0,0,0,0,15,6,384,-15,0,,,,0,369,codec:2195:37|codec:2195:15|codec:2195:22,confirmed_binary_and_builder_logic,,,,,2195,no,5280,per_gcx_size_preserved; no record relocation,,
codec,,,3,군그니다봤불상쌍어이입하,군그니다봤상어이입하,10,불쌍,2,128,0,0,0,0,0,20,2,128,-20,0,,,,0,108,codec:2197:22|codec:2197:18|codec:2197:10,confirmed_binary_and_builder_logic,,,,,2197,no,5004,per_gcx_size_preserved; no record relocation,,
codec,,,3,같것게니닌리멀면보봤아어을할,같것게니리면보봤아어을할,12,닌멀,2,128,0,0,0,0,0,46,2,128,-46,0,,,,0,82,codec:2198:16|codec:2198:11|codec:2198:10,confirmed_binary_and_builder_logic,,,,,2198,no,3120,per_gcx_size_preserved; no record relocation,,
codec,,,1,나녕랑본슈시안을인있적켄타프혹,나본시안을인있적프,9,녕랑슈켄타혹,6,384,0,0,0,0,0,0,6,384,0,0,,,,0,384,codec:2199:10,confirmed_binary_and_builder_logic,,,,,2199,no,3640,per_gcx_size_preserved; no record relocation,,
codec,,,1,니아흠,니아,2,흠,1,64,0,0,0,0,0,0,1,64,1,1,,,,0,65,codec:2200:11,confirmed_binary_and_builder_logic,,,,,2200,no,2684,per_gcx_size_preserved; no record relocation,,
codec,,,4,가고그남니닌데도몸보봤상세아어요은의있자작점지진짜해,가고그니데도보봤상세아어요은의있자점지해,20,남닌몸작진짜,6,384,0,0,0,0,0,38,6,384,-38,0,,,,0,346,codec:2201:20|codec:2201:14|codec:2201:10|codec:2201:11,confirmed_binary_and_builder_logic,,,,,2201,no,4236,per_gcx_size_preserved; no record relocation,,
codec,,,2,먹봤시어이혹,봤시어이,4,먹혹,2,128,0,0,0,0,0,9,2,128,-9,0,,,,0,119,codec:2202:16|codec:2202:10,confirmed_binary_and_builder_logic,,,,,2202,no,3612,per_gcx_size_preserved; no record relocation,,
codec,,,1,가구나날는멈본을있적지추,가나날는본을있적지,9,구멈추,3,192,0,0,0,0,0,19,3,192,-19,0,,,,0,173,codec:2203:10,confirmed_binary_and_builder_logic,,,,,2203,no,3068,per_gcx_size_preserved; no record relocation,,
codec,,,6,건깐나는드라를름베보아알야였이잠중큘해,건나는드라를보아알야이해,12,깐름베였잠중큘,7,448,0,0,0,0,0,49,7,448,-49,1,,,,0,399,codec:2204:51|codec:2204:4|codec:2204:17|codec:2204:8|codec:2204:6|codec:2204:13,confirmed_binary_and_builder_logic,,,,,2204,no,3684,per_gcx_size_preserved; no record relocation,,
demo_scene,,10,5,가고군난너는다당데듣러려로름막머신왔요원을음의이장찬처철칭하,가고군난는다데듣러려로머왔요원을음의이하,20,너당름막신장찬처철칭,10,640,,,,0,0,32,,,-32,0,,,,0,106,demo:10:17222276|demo:10:17222632|demo:10:18715640|demo:10:19637924|demo:10:19638116,confirmed_scene_markers_padding_and_builder_logic,534,640,,,,,,,3,3
demo_scene,,13,14,가게고그기끝나대돼래럼로면못발방법보봐성손시싫싶어없었에와완인제죽해,가게고그기나대래로면못방법보봐성시싶어없었에와인제죽해,27,끝돼럼발손싫완,7,448,,,,0,0,243,,,-243,1,,,,0,362,demo:13:50942544|demo:13:50943988|demo:13:52282852|demo:13:52283084|demo:13:52284100|demo:13:52284456|demo:13:52284744|demo:13:53378220|demo:13:53378532|demo:13:53379036|demo:13:53379248|demo:13:53379580|demo:13:53379900|demo:13:54391500,confirmed_scene_markers_padding_and_builder_logic,150,512,,,,,,,5,4
demo_scene,,36,13,가갔걷걸게그끝내놈는다도두든듯디람로른리만말맞명뭐발봐사야어없에엔요윗은이지쪽필하해혁,가게그내는다도디람로리만말명뭐봐사야어없에엔요은이지필하해,29,갔걷걸끝놈두든듯른맞발윗쪽혁,14,896,,,,0,0,155,,,-155,3,,,,0,779,demo:36:189412316|demo:36:190448824|demo:36:191389316|demo:36:191389544|demo:36:191389724|demo:36:191390156|demo:36:191390400|demo:36:191390736|demo:36:191391140|demo:36:191391312|demo:36:192331432|demo:36:192331864|demo:36:192332172,confirmed_scene_markers_padding_and_builder_logic,117,896,,,,,,,10,4
demo_scene,,49,2,구군그누는럼잘지하,군그는잘지하,6,구누럼,3,192,,,,0,0,1,,,2,3,,,,0,187,demo:49:237326980|demo:49:239394732,confirmed_scene_markers_padding_and_builder_logic,5,192,,,,,,,8,2
demo_scene,,61,2,게떻못싣아어에은잖지했,게떻못아어에은지,8,싣잖했,3,192,,,,0,0,39,,,-39,0,,,,0,106,demo:61:277863332|demo:61:277863584,confirmed_scene_markers_padding_and_builder_logic,86,192,,,,,,,6,1
demo_scene,,76,3,거것겠경군그는도돼되럼렇를면배병비아않야어요이있좋직진치크탱파폭하,거것겠군그는도되렇를면아않야어요이있좋크하,21,경돼럼배병비직진치탱파폭,12,768,,,,0,0,16,,,-15,1,,,,0,58,demo:76:388569436|demo:76:389314756|demo:76:389764956,confirmed_scene_markers_padding_and_builder_logic,710,768,,,,,,,4,3
demo_scene,,113,6,거격고는다당데돌돼따락려목못무뭐안온왔의장정추표해,거고는다데돌려못무뭐안왔의정해,15,격당돼따락목온장추표,10,640,,,,0,0,84,,,-84,0,,,,0,442,demo:113:584224788|demo:113:584225136|demo:113:584225356|demo:113:584225580|demo:113:588492648|demo:113:588493024,confirmed_scene_markers_padding_and_builder_logic,198,640,,,,,,,3,2
